VP,method,room,position,error
1,real,free,r1,-1.2267
2,real,free,r1,-4.0284
3,real,free,r1,-3.5487
4,real,free,r1,-5.5482
5,real,free,r1,-3.2102
6,real,free,r1,-6.0559
7,real,free,r1,-2.5859
8,real,free,r1,-4.1482
9,real,free,r1,-2.2852
10,real,free,r1,-3.4919
1,real,free,r1,-0.62425
2,real,free,r1,-3.9982
3,real,free,r1,-2.0845
4,real,free,r1,-2.1953
5,real,free,r1,-1.2789
6,real,free,r1,0.53816
7,real,free,r1,-1.2171
8,real,free,r1,-2.2328
9,real,free,r1,-1.5278
10,real,free,r1,-1.9671
1,real,free,r1,0.015818
2,real,free,r1,-0.7944
3,real,free,r1,0.76588
4,real,free,r1,0.86665
5,real,free,r1,-1.0798
6,real,free,r1,2.674
7,real,free,r1,-0.89698
8,real,free,r1,-1.456
9,real,free,r1,1.5621
10,real,free,r1,-0.54129
1,real,free,r1,0.37027
2,real,free,r1,0.79131
3,real,free,r1,0.91974
4,real,free,r1,3.1594
5,real,free,r1,1.6964
6,real,free,r1,2.9417
7,real,free,r1,2.1664
8,real,free,r1,-0.58195
9,real,free,r1,4.9132
10,real,free,r1,0.96875
1,real,free,r1,1.6252
2,real,free,r1,2.922
3,real,free,r1,1.5194
4,real,free,r1,3.6158
5,real,free,r1,5.7518
6,real,free,r1,2.9481
7,real,free,r1,2.7699
8,real,free,r1,2.2876
9,real,free,r1,5.3586
10,real,free,r1,2.6537
1,real,free,r2,-5.6497
2,real,free,r2,-2.3778
3,real,free,r2,-3.377
4,real,free,r2,-4.2213
5,real,free,r2,-2.3389
6,real,free,r2,-3.3135
7,real,free,r2,-2.4599
8,real,free,r2,-3.4811
9,real,free,r2,-5.6444
10,real,free,r2,-4.8954
1,real,free,r2,-3.3315
2,real,free,r2,0.49973
3,real,free,r2,-0.28507
4,real,free,r2,-2.8687
5,real,free,r2,-1.7016
6,real,free,r2,-1.3603
7,real,free,r2,-1.6336
8,real,free,r2,-0.85263
9,real,free,r2,-3.9636
10,real,free,r2,0.88775
1,real,free,r2,-0.18902
2,real,free,r2,2.0426
3,real,free,r2,0.098259
4,real,free,r2,-1.849
5,real,free,r2,-0.48211
6,real,free,r2,-0.38296
7,real,free,r2,0.026102
8,real,free,r2,0.057184
9,real,free,r2,-3.6505
10,real,free,r2,1.0969
1,real,free,r2,1.4757
2,real,free,r2,2.3099
3,real,free,r2,0.32139
4,real,free,r2,-0.5385
5,real,free,r2,2.816
6,real,free,r2,2.6281
7,real,free,r2,0.52755
8,real,free,r2,2.3796
9,real,free,r2,-1.2218
10,real,free,r2,1.2305
1,real,free,r2,1.9877
2,real,free,r2,6.0902
3,real,free,r2,0.82266
4,real,free,r2,2.3652
5,real,free,r2,3.4649
6,real,free,r2,13.9702
7,real,free,r2,1.6835
8,real,free,r2,5.3115
9,real,free,r2,3.9025
10,real,free,r2,2.0635
1,real,free,r3,-1.692
2,real,free,r3,-3.7963
3,real,free,r3,-0.15542
4,real,free,r3,-2.7437
5,real,free,r3,-3.7513
6,real,free,r3,-6.9634
7,real,free,r3,-3.0323
8,real,free,r3,-2.8829
9,real,free,r3,-10.3654
10,real,free,r3,-6.4034
1,real,free,r3,-1.6603
2,real,free,r3,-1.2192
3,real,free,r3,0.41171
4,real,free,r3,-1.2251
5,real,free,r3,-2.0823
6,real,free,r3,-4.1523
7,real,free,r3,-0.35001
8,real,free,r3,-2.0429
9,real,free,r3,-0.11823
10,real,free,r3,-1.5595
1,real,free,r3,0.90393
2,real,free,r3,-0.57135
3,real,free,r3,1.169
4,real,free,r3,-1.1979
5,real,free,r3,0.099245
6,real,free,r3,-3.0086
7,real,free,r3,1.2939
8,real,free,r3,0.75019
9,real,free,r3,-0.012118
10,real,free,r3,0.91849
1,real,free,r3,2.0061
2,real,free,r3,0.81443
3,real,free,r3,1.2448
4,real,free,r3,3.1689
5,real,free,r3,0.48899
6,real,free,r3,-2.326
7,real,free,r3,1.6037
8,real,free,r3,1.9769
9,real,free,r3,5.7206
10,real,free,r3,1.1156
1,real,free,r3,5.9888
2,real,free,r3,1.3156
3,real,free,r3,2.1779
4,real,free,r3,9.2117
5,real,free,r3,1.6077
6,real,free,r3,1.8628
7,real,free,r3,2.1047
8,real,free,r3,4.9154
9,real,free,r3,7.3319
10,real,free,r3,7.9234
1,real,beta070,r1,-2.5215
2,real,beta070,r1,-1.8399
3,real,beta070,r1,-1.7748
4,real,beta070,r1,-1.8159
5,real,beta070,r1,-0.67954
6,real,beta070,r1,-3.2291
7,real,beta070,r1,-6.4341
8,real,beta070,r1,-7.2897
9,real,beta070,r1,-6.9345
10,real,beta070,r1,-3.7311
1,real,beta070,r1,-1.9923
2,real,beta070,r1,-1.8026
3,real,beta070,r1,-0.60219
4,real,beta070,r1,-0.44604
5,real,beta070,r1,-0.43853
6,real,beta070,r1,-0.56073
7,real,beta070,r1,-5.5955
8,real,beta070,r1,-0.90014
9,real,beta070,r1,-5.6133
10,real,beta070,r1,-1.7584
1,real,beta070,r1,-1.7277
2,real,beta070,r1,-1.3049
3,real,beta070,r1,0.31139
4,real,beta070,r1,2.7123
5,real,beta070,r1,2.0052
6,real,beta070,r1,-0.46503
7,real,beta070,r1,-4.165
8,real,beta070,r1,-0.36496
9,real,beta070,r1,-4.6224
10,real,beta070,r1,-1.7564
1,real,beta070,r1,0.48318
2,real,beta070,r1,-0.13811
3,real,beta070,r1,1.5363
4,real,beta070,r1,4.1783
5,real,beta070,r1,3.9878
6,real,beta070,r1,1.602
7,real,beta070,r1,-2.7085
8,real,beta070,r1,2.777
9,real,beta070,r1,-0.62917
10,real,beta070,r1,-1.6448
1,real,beta070,r1,1.967
2,real,beta070,r1,3.4778
3,real,beta070,r1,2.0033
4,real,beta070,r1,6.3593
5,real,beta070,r1,4.7852
6,real,beta070,r1,2.2614
7,real,beta070,r1,-0.62423
8,real,beta070,r1,3.0058
9,real,beta070,r1,1.2953
10,real,beta070,r1,-1.0195
1,real,beta080,r1,-2.4897
2,real,beta080,r1,-5.4134
3,real,beta080,r1,-5.0065
4,real,beta080,r1,-3.5162
5,real,beta080,r1,-0.30312
6,real,beta080,r1,-2.2042
7,real,beta080,r1,-6.7059
8,real,beta080,r1,-7.202
9,real,beta080,r1,-3.7854
10,real,beta080,r1,-8.5663
1,real,beta080,r1,-0.41137
2,real,beta080,r1,-1.7456
3,real,beta080,r1,-1.9807
4,real,beta080,r1,-1.6557
5,real,beta080,r1,2.3988
6,real,beta080,r1,-0.3943
7,real,beta080,r1,-3.9154
8,real,beta080,r1,-3.0353
9,real,beta080,r1,-3.6701
10,real,beta080,r1,-7.5247
1,real,beta080,r1,2.2376
2,real,beta080,r1,-1.4942
3,real,beta080,r1,-1.7539
4,real,beta080,r1,-1.4758
5,real,beta080,r1,4.7966
6,real,beta080,r1,1.8127
7,real,beta080,r1,-1.7667
8,real,beta080,r1,3.4639
9,real,beta080,r1,-1.7671
10,real,beta080,r1,-4.0446
1,real,beta080,r1,2.322
2,real,beta080,r1,-0.42085
3,real,beta080,r1,-1.4755
4,real,beta080,r1,0.58789
5,real,beta080,r1,5.7125
6,real,beta080,r1,4.2258
7,real,beta080,r1,0.28629
8,real,beta080,r1,6.853
9,real,beta080,r1,-0.057486
10,real,beta080,r1,1.3855
1,real,beta080,r1,2.6793
2,real,beta080,r1,3.0073
3,real,beta080,r1,0.96112
4,real,beta080,r1,1.2797
5,real,beta080,r1,5.7288
6,real,beta080,r1,6.4266
7,real,beta080,r1,5.2527
8,real,beta080,r1,11.4946
9,real,beta080,r1,9.2871
10,real,beta080,r1,1.7941
1,real,beta090,r1,-4.1803
2,real,beta090,r1,-12.1002
3,real,beta090,r1,-7.6017
4,real,beta090,r1,-2.4097
5,real,beta090,r1,4.3556
6,real,beta090,r1,-6.1613
7,real,beta090,r1,-1.8051
8,real,beta090,r1,-11.4497
9,real,beta090,r1,-4.2103
10,real,beta090,r1,-5.3094
1,real,beta090,r1,-1.8496
2,real,beta090,r1,-8.1798
3,real,beta090,r1,-3.938
4,real,beta090,r1,0.33633
5,real,beta090,r1,5.4261
6,real,beta090,r1,3.9285
7,real,beta090,r1,-1.4744
8,real,beta090,r1,-0.27849
9,real,beta090,r1,-2.8172
10,real,beta090,r1,-4.4991
1,real,beta090,r1,0.95923
2,real,beta090,r1,-5.66
3,real,beta090,r1,-2.629
4,real,beta090,r1,0.53323
5,real,beta090,r1,6.1354
6,real,beta090,r1,4.9882
7,real,beta090,r1,-1.3261
8,real,beta090,r1,3.7461
9,real,beta090,r1,-1.2842
10,real,beta090,r1,-3.0224
1,real,beta090,r1,1.5886
2,real,beta090,r1,-1.8457
3,real,beta090,r1,0.017854
4,real,beta090,r1,1.9756
5,real,beta090,r1,6.9654
6,real,beta090,r1,4.9944
7,real,beta090,r1,-0.50069
8,real,beta090,r1,4.8113
9,real,beta090,r1,5.9703
10,real,beta090,r1,-2.4472
1,real,beta090,r1,2.5525
2,real,beta090,r1,4.9906
3,real,beta090,r1,3.1388
4,real,beta090,r1,4.0487
5,real,beta090,r1,7.1711
6,real,beta090,r1,7.6109
7,real,beta090,r1,1.6753
8,real,beta090,r1,10.761
9,real,beta090,r1,22.3324
10,real,beta090,r1,-1.7693
1,real,beta070,r2,-3.1006
2,real,beta070,r2,-7.0214
3,real,beta070,r2,-2.3309
4,real,beta070,r2,-7.9312
5,real,beta070,r2,-2.751
6,real,beta070,r2,-3.4608
7,real,beta070,r2,-8.4355
8,real,beta070,r2,-9.6394
9,real,beta070,r2,-2.2573
10,real,beta070,r2,-6.6412
1,real,beta070,r2,-2.8353
2,real,beta070,r2,-2.7876
3,real,beta070,r2,-1.8739
4,real,beta070,r2,-4.4804
5,real,beta070,r2,-1.0146
6,real,beta070,r2,-2.6749
7,real,beta070,r2,-5.1943
8,real,beta070,r2,0.37626
9,real,beta070,r2,0.49846
10,real,beta070,r2,-4.3073
1,real,beta070,r2,-2.3687
2,real,beta070,r2,-2.5968
3,real,beta070,r2,-0.98909
4,real,beta070,r2,0.42982
5,real,beta070,r2,4.6317
6,real,beta070,r2,1.0295
7,real,beta070,r2,-1.2734
8,real,beta070,r2,0.45412
9,real,beta070,r2,1.4345
10,real,beta070,r2,-3.8119
1,real,beta070,r2,-0.92663
2,real,beta070,r2,2.3872
3,real,beta070,r2,-0.1278
4,real,beta070,r2,2.139
5,real,beta070,r2,5.8271
6,real,beta070,r2,3.7415
7,real,beta070,r2,-0.3691
8,real,beta070,r2,3.1558
9,real,beta070,r2,3.8926
10,real,beta070,r2,-3.3892
1,real,beta070,r2,2.2325
2,real,beta070,r2,4.57
3,real,beta070,r2,1.2359
4,real,beta070,r2,5.7591
5,real,beta070,r2,6.1644
6,real,beta070,r2,8.7665
7,real,beta070,r2,0.42045
8,real,beta070,r2,4.2737
9,real,beta070,r2,5.5197
10,real,beta070,r2,-3.287
1,real,beta080,r2,-3.1074
2,real,beta080,r2,-3.8488
3,real,beta080,r2,-7.2372
4,real,beta080,r2,1.5635
5,real,beta080,r2,-1.8664
6,real,beta080,r2,-4.9166
7,real,beta080,r2,-4.3548
8,real,beta080,r2,-9.2882
9,real,beta080,r2,-13.8567
10,real,beta080,r2,-1.1238
1,real,beta080,r2,-0.85888
2,real,beta080,r2,1.388
3,real,beta080,r2,-6.2145
4,real,beta080,r2,1.7001
5,real,beta080,r2,-1.7615
6,real,beta080,r2,0.21986
7,real,beta080,r2,-1.5792
8,real,beta080,r2,-0.77012
9,real,beta080,r2,-7.9368
10,real,beta080,r2,-0.78572
1,real,beta080,r2,-0.80994
2,real,beta080,r2,3.7047
3,real,beta080,r2,-2.2153
4,real,beta080,r2,3.6801
5,real,beta080,r2,-0.29389
6,real,beta080,r2,0.39742
7,real,beta080,r2,0.45203
8,real,beta080,r2,0.85188
9,real,beta080,r2,-3.7932
10,real,beta080,r2,-0.13863
1,real,beta080,r2,0.37703
2,real,beta080,r2,4.5484
3,real,beta080,r2,0.018161
4,real,beta080,r2,7.0778
5,real,beta080,r2,0.91272
6,real,beta080,r2,1.0418
7,real,beta080,r2,1.1316
8,real,beta080,r2,0.98592
9,real,beta080,r2,-3.2975
10,real,beta080,r2,0.23662
1,real,beta080,r2,4.3754
2,real,beta080,r2,6.0053
3,real,beta080,r2,0.14512
4,real,beta080,r2,9.221
5,real,beta080,r2,4.5742
6,real,beta080,r2,2.388
7,real,beta080,r2,1.7834
8,real,beta080,r2,4.5146
9,real,beta080,r2,-1.4443
10,real,beta080,r2,2.7066
1,real,beta090,r2,-5.2039
2,real,beta090,r2,-6.4848
3,real,beta090,r2,-9.1792
4,real,beta090,r2,-7.7071
5,real,beta090,r2,-3.9915
6,real,beta090,r2,-2.3353
7,real,beta090,r2,-4.1035
8,real,beta090,r2,-14.6621
9,real,beta090,r2,-12.6456
10,real,beta090,r2,-6.5839
1,real,beta090,r2,-1.7847
2,real,beta090,r2,-1.6559
3,real,beta090,r2,-3.2401
4,real,beta090,r2,-5.6661
5,real,beta090,r2,2.5151
6,real,beta090,r2,3.1004
7,real,beta090,r2,-2.2832
8,real,beta090,r2,-2.7382
9,real,beta090,r2,-8.913
10,real,beta090,r2,-3.3921
1,real,beta090,r2,-1.5233
2,real,beta090,r2,-1.6171
3,real,beta090,r2,-2.0511
4,real,beta090,r2,-0.25069
5,real,beta090,r2,3.7394
6,real,beta090,r2,3.6423
7,real,beta090,r2,-1.8001
8,real,beta090,r2,-2.6646
9,real,beta090,r2,-5.0407
10,real,beta090,r2,1.0537
1,real,beta090,r2,2.5851
2,real,beta090,r2,-0.60151
3,real,beta090,r2,-1.5937
4,real,beta090,r2,1.1939
5,real,beta090,r2,4.0688
6,real,beta090,r2,4.8301
7,real,beta090,r2,-0.47176
8,real,beta090,r2,5.0233
9,real,beta090,r2,-2.0593
10,real,beta090,r2,1.2842
1,real,beta090,r2,4.3481
2,real,beta090,r2,0.34418
3,real,beta090,r2,2.5155
4,real,beta090,r2,4.7627
5,real,beta090,r2,4.4576
6,real,beta090,r2,6.7323
7,real,beta090,r2,0.25051
8,real,beta090,r2,17.3964
9,real,beta090,r2,1.6625
10,real,beta090,r2,2.4448
1,real,beta070,r3,-4.7035
2,real,beta070,r3,-2.2608
3,real,beta070,r3,-6.279
4,real,beta070,r3,-8.424
5,real,beta070,r3,-3.5722
6,real,beta070,r3,1.7125
7,real,beta070,r3,-6.1622
8,real,beta070,r3,-4.3902
9,real,beta070,r3,-8.5789
10,real,beta070,r3,-1.6716
1,real,beta070,r3,-2.526
2,real,beta070,r3,-1.9238
3,real,beta070,r3,-4.6331
4,real,beta070,r3,-4.4207
5,real,beta070,r3,-1.4132
6,real,beta070,r3,4.0317
7,real,beta070,r3,-1.3843
8,real,beta070,r3,-4.0526
9,real,beta070,r3,-6.4919
10,real,beta070,r3,0.57755
1,real,beta070,r3,-1.6573
2,real,beta070,r3,-0.8203
3,real,beta070,r3,-4.4874
4,real,beta070,r3,-2.484
5,real,beta070,r3,-0.4705
6,real,beta070,r3,4.5408
7,real,beta070,r3,-0.089775
8,real,beta070,r3,-0.40959
9,real,beta070,r3,-0.17521
10,real,beta070,r3,2.7605
1,real,beta070,r3,-0.75299
2,real,beta070,r3,0.0007371
3,real,beta070,r3,-1.6415
4,real,beta070,r3,1.4877
5,real,beta070,r3,0.50044
6,real,beta070,r3,4.6232
7,real,beta070,r3,0.75591
8,real,beta070,r3,2.2973
9,real,beta070,r3,0.012869
10,real,beta070,r3,6.0735
1,real,beta070,r3,1.8891
2,real,beta070,r3,1.4715
3,real,beta070,r3,-1.2394
4,real,beta070,r3,7.6246
5,real,beta070,r3,2.0442
6,real,beta070,r3,4.6263
7,real,beta070,r3,1.1987
8,real,beta070,r3,4.2795
9,real,beta070,r3,7.1329
10,real,beta070,r3,6.2705
1,real,beta080,r3,-6.1099
2,real,beta080,r3,-3.481
3,real,beta080,r3,-7.6667
4,real,beta080,r3,-7.284
5,real,beta080,r3,-2.2462
6,real,beta080,r3,-3.2302
7,real,beta080,r3,-6.8102
8,real,beta080,r3,-11.9994
9,real,beta080,r3,-2.761
10,real,beta080,r3,-6.6008
1,real,beta080,r3,-5.8644
2,real,beta080,r3,-0.35885
3,real,beta080,r3,-7.0625
4,real,beta080,r3,-6.906
5,real,beta080,r3,1.7838
6,real,beta080,r3,-1.5077
7,real,beta080,r3,-2.6511
8,real,beta080,r3,-1.1999
9,real,beta080,r3,-1.1678
10,real,beta080,r3,-5.6501
1,real,beta080,r3,-3.5886
2,real,beta080,r3,1.0938
3,real,beta080,r3,-3.8256
4,real,beta080,r3,-6.579
5,real,beta080,r3,2.615
6,real,beta080,r3,0.57278
7,real,beta080,r3,-1.8228
8,real,beta080,r3,-0.60193
9,real,beta080,r3,0.26603
10,real,beta080,r3,-3.7728
1,real,beta080,r3,-0.95551
2,real,beta080,r3,3.0094
3,real,beta080,r3,-1.5428
4,real,beta080,r3,-0.90655
5,real,beta080,r3,2.754
6,real,beta080,r3,0.85639
7,real,beta080,r3,-1.2633
8,real,beta080,r3,-0.55664
9,real,beta080,r3,2.5763
10,real,beta080,r3,-3.733
1,real,beta080,r3,1.3545
2,real,beta080,r3,3.5702
3,real,beta080,r3,-0.85981
4,real,beta080,r3,3.6095
5,real,beta080,r3,3.7474
6,real,beta080,r3,0.95359
7,real,beta080,r3,-0.65716
8,real,beta080,r3,0.98403
9,real,beta080,r3,2.9363
10,real,beta080,r3,-2.4682
1,real,beta090,r3,-6.4221
2,real,beta090,r3,-2.7883
3,real,beta090,r3,-9.9897
4,real,beta090,r3,-9.4368
5,real,beta090,r3,0.028193
6,real,beta090,r3,-1.7059
7,real,beta090,r3,-6.5501
8,real,beta090,r3,-20.7635
9,real,beta090,r3,-9.341
10,real,beta090,r3,-4.1756
1,real,beta090,r3,-4.7291
2,real,beta090,r3,1.0401
3,real,beta090,r3,-9.3738
4,real,beta090,r3,-3.6324
5,real,beta090,r3,0.27085
6,real,beta090,r3,-1.2577
7,real,beta090,r3,-6.0361
8,real,beta090,r3,-17.6122
9,real,beta090,r3,1.4026
10,real,beta090,r3,-2.7827
1,real,beta090,r3,-2.2549
2,real,beta090,r3,1.2683
3,real,beta090,r3,-5.8362
4,real,beta090,r3,-2.3629
5,real,beta090,r3,1.4226
6,real,beta090,r3,-0.0080221
7,real,beta090,r3,-5.3186
8,real,beta090,r3,-12.6769
9,real,beta090,r3,4.0539
10,real,beta090,r3,-1.9305
1,real,beta090,r3,-1.4358
2,real,beta090,r3,1.9033
3,real,beta090,r3,-4.1946
4,real,beta090,r3,1.9166
5,real,beta090,r3,2.4702
6,real,beta090,r3,0.94619
7,real,beta090,r3,-4.5825
8,real,beta090,r3,0.12187
9,real,beta090,r3,6.1708
10,real,beta090,r3,-0.85202
1,real,beta090,r3,0.024082
2,real,beta090,r3,3.9361
3,real,beta090,r3,1.8327
4,real,beta090,r3,2.3983
5,real,beta090,r3,3.5691
6,real,beta090,r3,4.4876
7,real,beta090,r3,-2.6848
8,real,beta090,r3,0.83446
9,real,beta090,r3,10.074
10,real,beta090,r3,3.4638
1,WFS3,free,r1,-14.5094
2,WFS3,free,r1,-14.529
3,WFS3,free,r1,-14.818
4,WFS3,free,r1,-15.5834
5,WFS3,free,r1,-14.1741
6,WFS3,free,r1,-17.883
7,WFS3,free,r1,-17.2865
8,WFS3,free,r1,-16.9014
9,WFS3,free,r1,-22.1017
10,WFS3,free,r1,-20.7627
1,WFS3,free,r1,-14.2007
2,WFS3,free,r1,-14.1521
3,WFS3,free,r1,-13.8829
4,WFS3,free,r1,-12.3004
5,WFS3,free,r1,-13.7535
6,WFS3,free,r1,-16.0029
7,WFS3,free,r1,-15.619
8,WFS3,free,r1,-13.3848
9,WFS3,free,r1,-17.8194
10,WFS3,free,r1,-19.6031
1,WFS3,free,r1,-13.2472
2,WFS3,free,r1,-13.359
3,WFS3,free,r1,-12.4929
4,WFS3,free,r1,-11.5107
5,WFS3,free,r1,-12.6818
6,WFS3,free,r1,-14.519
7,WFS3,free,r1,-15.4337
8,WFS3,free,r1,-8.7076
9,WFS3,free,r1,-9.5933
10,WFS3,free,r1,-14.6679
1,WFS3,free,r1,-13.0132
2,WFS3,free,r1,-13.1132
3,WFS3,free,r1,-11.0312
4,WFS3,free,r1,-9.4787
5,WFS3,free,r1,-7.2942
6,WFS3,free,r1,-11.2594
7,WFS3,free,r1,-15.2601
8,WFS3,free,r1,-7.724
9,WFS3,free,r1,-8.9843
10,WFS3,free,r1,-14.0203
1,WFS3,free,r1,-12.7353
2,WFS3,free,r1,-9.8077
3,WFS3,free,r1,-10.8943
4,WFS3,free,r1,-9.3153
5,WFS3,free,r1,-6.3735
6,WFS3,free,r1,-9.7357
7,WFS3,free,r1,-15.1892
8,WFS3,free,r1,-6.0766
9,WFS3,free,r1,35.332
10,WFS3,free,r1,-12.5047
1,WFS3,free,r2,-9.302
2,WFS3,free,r2,-14.2528
3,WFS3,free,r2,-13.0354
4,WFS3,free,r2,-13.4522
5,WFS3,free,r2,-9.531
6,WFS3,free,r2,-15.6294
7,WFS3,free,r2,-12.2133
8,WFS3,free,r2,-15.6132
9,WFS3,free,r2,-11.9339
10,WFS3,free,r2,-13.9761
1,WFS3,free,r2,-8.6433
2,WFS3,free,r2,-12.0266
3,WFS3,free,r2,-9.9057
4,WFS3,free,r2,-11.5461
5,WFS3,free,r2,-9.3759
6,WFS3,free,r2,-12.1408
7,WFS3,free,r2,-11.588
8,WFS3,free,r2,-11.9344
9,WFS3,free,r2,-11.7046
10,WFS3,free,r2,-11.5977
1,WFS3,free,r2,-8.6275
2,WFS3,free,r2,-10.6832
3,WFS3,free,r2,-9.5517
4,WFS3,free,r2,-10.4054
5,WFS3,free,r2,-7.1238
6,WFS3,free,r2,-8.2242
7,WFS3,free,r2,-10.343
8,WFS3,free,r2,-11.7339
9,WFS3,free,r2,-9.985
10,WFS3,free,r2,-9.7204
1,WFS3,free,r2,-7.5735
2,WFS3,free,r2,-7.5143
3,WFS3,free,r2,-9.4438
4,WFS3,free,r2,-6.7852
5,WFS3,free,r2,-5.9294
6,WFS3,free,r2,-6.3692
7,WFS3,free,r2,-9.6152
8,WFS3,free,r2,-9.0525
9,WFS3,free,r2,-7.5508
10,WFS3,free,r2,-9.671
1,WFS3,free,r2,-5.7691
2,WFS3,free,r2,-4.2473
3,WFS3,free,r2,-8.2317
4,WFS3,free,r2,-0.39969
5,WFS3,free,r2,-5.863
6,WFS3,free,r2,-5.6328
7,WFS3,free,r2,-7.0525
8,WFS3,free,r2,-3.835
9,WFS3,free,r2,-4.1804
10,WFS3,free,r2,-9.4592
1,WFS3,free,r3,-3.761
2,WFS3,free,r3,-4.949
3,WFS3,free,r3,-0.69399
4,WFS3,free,r3,-5.3533
5,WFS3,free,r3,-2.9705
6,WFS3,free,r3,-5.5204
7,WFS3,free,r3,-2.7076
8,WFS3,free,r3,-4.093
9,WFS3,free,r3,-6.9803
10,WFS3,free,r3,-4.2647
1,WFS3,free,r3,-2.0532
2,WFS3,free,r3,-1.185
3,WFS3,free,r3,-0.044003
4,WFS3,free,r3,-2.4733
5,WFS3,free,r3,-1.317
6,WFS3,free,r3,-1.2171
7,WFS3,free,r3,-1.368
8,WFS3,free,r3,-3.7268
9,WFS3,free,r3,-5.5266
10,WFS3,free,r3,-2.6436
1,WFS3,free,r3,-1.8193
2,WFS3,free,r3,0.21637
3,WFS3,free,r3,0.83382
4,WFS3,free,r3,-1.1672
5,WFS3,free,r3,-0.83572
6,WFS3,free,r3,0.75387
7,WFS3,free,r3,-0.20299
8,WFS3,free,r3,-1.5744
9,WFS3,free,r3,-5.2134
10,WFS3,free,r3,-1.6321
1,WFS3,free,r3,0.083486
2,WFS3,free,r3,1.8561
3,WFS3,free,r3,1.1179
4,WFS3,free,r3,-1.0121
5,WFS3,free,r3,0.22135
6,WFS3,free,r3,4.4679
7,WFS3,free,r3,0.053733
8,WFS3,free,r3,2.805
9,WFS3,free,r3,0.02887
10,WFS3,free,r3,0.88789
1,WFS3,free,r3,0.66496
2,WFS3,free,r3,2.8445
3,WFS3,free,r3,2.4928
4,WFS3,free,r3,3.5138
5,WFS3,free,r3,2.0349
6,WFS3,free,r3,6.708
7,WFS3,free,r3,1.2159
8,WFS3,free,r3,6.5987
9,WFS3,free,r3,1.9035
10,WFS3,free,r3,7.3931
1,WFS8,free,r1,-1.2941
2,WFS8,free,r1,-7.5553
3,WFS8,free,r1,-6.9706
4,WFS8,free,r1,-6.5732
5,WFS8,free,r1,-3.155
6,WFS8,free,r1,-14.9072
7,WFS8,free,r1,-5.3514
8,WFS8,free,r1,-4.124
9,WFS8,free,r1,-8.6689
10,WFS8,free,r1,-8.9071
1,WFS8,free,r1,-0.90825
2,WFS8,free,r1,-6.4878
3,WFS8,free,r1,-6.6234
4,WFS8,free,r1,2.4305
5,WFS8,free,r1,-0.97581
6,WFS8,free,r1,-10.5362
7,WFS8,free,r1,-4.931
8,WFS8,free,r1,-3.3059
9,WFS8,free,r1,-7.4707
10,WFS8,free,r1,-6.8282
1,WFS8,free,r1,-0.59158
2,WFS8,free,r1,-2.207
3,WFS8,free,r1,-3.5293
4,WFS8,free,r1,3.5486
5,WFS8,free,r1,2.7752
6,WFS8,free,r1,-9.5534
7,WFS8,free,r1,-4.6055
8,WFS8,free,r1,-2.1294
9,WFS8,free,r1,-2.149
10,WFS8,free,r1,-5.9584
1,WFS8,free,r1,-0.53731
2,WFS8,free,r1,-0.9514
3,WFS8,free,r1,-1.5052
4,WFS8,free,r1,4.1169
5,WFS8,free,r1,3.1423
6,WFS8,free,r1,-8.1589
7,WFS8,free,r1,-3.9325
8,WFS8,free,r1,2.8793
9,WFS8,free,r1,1.0816
10,WFS8,free,r1,-4.1213
1,WFS8,free,r1,1.171
2,WFS8,free,r1,4.9383
3,WFS8,free,r1,-0.42354
4,WFS8,free,r1,6.8897
5,WFS8,free,r1,3.622
6,WFS8,free,r1,-3.9817
7,WFS8,free,r1,-2.2107
8,WFS8,free,r1,3.6347
9,WFS8,free,r1,4.7049
10,WFS8,free,r1,-1.4369
1,WFS8,free,r2,-3.154
2,WFS8,free,r2,-0.78848
3,WFS8,free,r2,-2.2365
4,WFS8,free,r2,-10.2193
5,WFS8,free,r2,-0.58005
6,WFS8,free,r2,-9.976
7,WFS8,free,r2,-5.9555
8,WFS8,free,r2,-7.8205
9,WFS8,free,r2,-10.3686
10,WFS8,free,r2,-6.4869
1,WFS8,free,r2,0.15881
2,WFS8,free,r2,-0.20161
3,WFS8,free,r2,-0.04543
4,WFS8,free,r2,-1.051
5,WFS8,free,r2,0.80832
6,WFS8,free,r2,-5.8005
7,WFS8,free,r2,-3.0927
8,WFS8,free,r2,-6.7282
9,WFS8,free,r2,-8.5352
10,WFS8,free,r2,-6.4339
1,WFS8,free,r2,1.4671
2,WFS8,free,r2,1.4507
3,WFS8,free,r2,1.0704
4,WFS8,free,r2,4.5904
5,WFS8,free,r2,2.1507
6,WFS8,free,r2,-2.7365
7,WFS8,free,r2,1.7617
8,WFS8,free,r2,-5.6356
9,WFS8,free,r2,-5.5799
10,WFS8,free,r2,-4.0557
1,WFS8,free,r2,2.0171
2,WFS8,free,r2,3.9597
3,WFS8,free,r2,2.1086
4,WFS8,free,r2,5.9344
5,WFS8,free,r2,3.345
6,WFS8,free,r2,0.90302
7,WFS8,free,r2,1.8169
8,WFS8,free,r2,-3.572
9,WFS8,free,r2,-2.5121
10,WFS8,free,r2,-0.019898
1,WFS8,free,r2,7.4159
2,WFS8,free,r2,6.4723
3,WFS8,free,r2,5.9626
4,WFS8,free,r2,8.7456
5,WFS8,free,r2,5.0248
6,WFS8,free,r2,8.843
7,WFS8,free,r2,5.306
8,WFS8,free,r2,1.9099
9,WFS8,free,r2,2.1156
10,WFS8,free,r2,3.0598
1,WFS8,free,r3,-4.5025
2,WFS8,free,r3,-0.47184
3,WFS8,free,r3,-5.3367
4,WFS8,free,r3,-1.6082
5,WFS8,free,r3,-2.0691
6,WFS8,free,r3,-8
7,WFS8,free,r3,-3.8356
8,WFS8,free,r3,-1.7754
9,WFS8,free,r3,-9.3405
10,WFS8,free,r3,-3.7177
1,WFS8,free,r3,-1.9939
2,WFS8,free,r3,-0.175
3,WFS8,free,r3,-2.6623
4,WFS8,free,r3,-1.6019
5,WFS8,free,r3,-1.2695
6,WFS8,free,r3,-5.0986
7,WFS8,free,r3,-3.0751
8,WFS8,free,r3,-1.704
9,WFS8,free,r3,-7.5553
10,WFS8,free,r3,-2.8314
1,WFS8,free,r3,-0.22231
2,WFS8,free,r3,0.18529
3,WFS8,free,r3,-2.4914
4,WFS8,free,r3,0.70327
5,WFS8,free,r3,-0.49471
6,WFS8,free,r3,-1.7787
7,WFS8,free,r3,-2.2477
8,WFS8,free,r3,0.2605
9,WFS8,free,r3,-4.6042
10,WFS8,free,r3,0.43136
1,WFS8,free,r3,0.058512
2,WFS8,free,r3,0.48607
3,WFS8,free,r3,1.8357
4,WFS8,free,r3,1.3185
5,WFS8,free,r3,1.3317
6,WFS8,free,r3,2.6329
7,WFS8,free,r3,0.36035
8,WFS8,free,r3,0.32784
9,WFS8,free,r3,1.7939
10,WFS8,free,r3,1.8121
1,WFS8,free,r3,2.9942
2,WFS8,free,r3,2.0568
3,WFS8,free,r3,1.9282
4,WFS8,free,r3,3.1666
5,WFS8,free,r3,1.3521
6,WFS8,free,r3,5.4836
7,WFS8,free,r3,1.8757
8,WFS8,free,r3,4.6229
9,WFS8,free,r3,6.2493
10,WFS8,free,r3,4.0094
1,WFS15,free,r1,0.84173
2,WFS15,free,r1,-1.0937
3,WFS15,free,r1,-4.1919
4,WFS15,free,r1,0.39765
5,WFS15,free,r1,-3.1256
6,WFS15,free,r1,-16.078
7,WFS15,free,r1,-1.5119
8,WFS15,free,r1,-5.017
9,WFS15,free,r1,-2.7078
10,WFS15,free,r1,-6.4398
1,WFS15,free,r1,2.8851
2,WFS15,free,r1,-0.93018
3,WFS15,free,r1,-2.7034
4,WFS15,free,r1,2.207
5,WFS15,free,r1,-2.1717
6,WFS15,free,r1,-6.6515
7,WFS15,free,r1,0.2542
8,WFS15,free,r1,-3.1083
9,WFS15,free,r1,-1.749
10,WFS15,free,r1,-5.2164
1,WFS15,free,r1,3.3223
2,WFS15,free,r1,2.0706
3,WFS15,free,r1,0.40759
4,WFS15,free,r1,4.1266
5,WFS15,free,r1,-0.15262
6,WFS15,free,r1,-0.014273
7,WFS15,free,r1,1.2068
8,WFS15,free,r1,-1.1898
9,WFS15,free,r1,1.2798
10,WFS15,free,r1,-1.5691
1,WFS15,free,r1,3.5042
2,WFS15,free,r1,4.27
3,WFS15,free,r1,3.3097
4,WFS15,free,r1,4.5999
5,WFS15,free,r1,2.051
6,WFS15,free,r1,0.92186
7,WFS15,free,r1,2.9022
8,WFS15,free,r1,4.4927
9,WFS15,free,r1,4.9409
10,WFS15,free,r1,1.6225
1,WFS15,free,r1,4.6319
2,WFS15,free,r1,4.7634
3,WFS15,free,r1,3.8764
4,WFS15,free,r1,11.0168
5,WFS15,free,r1,3.0331
6,WFS15,free,r1,2.7257
7,WFS15,free,r1,2.9337
8,WFS15,free,r1,5.9043
9,WFS15,free,r1,9.8524
10,WFS15,free,r1,4.2713
1,WFS15,free,r2,-4.8321
2,WFS15,free,r2,-5.6233
3,WFS15,free,r2,-6.6596
4,WFS15,free,r2,-1.679
5,WFS15,free,r2,-4.8072
6,WFS15,free,r2,-12.1674
7,WFS15,free,r2,-2.2063
8,WFS15,free,r2,-7.592
9,WFS15,free,r2,-13.8009
10,WFS15,free,r2,-15.4574
1,WFS15,free,r2,-4.3015
2,WFS15,free,r2,-1.8413
3,WFS15,free,r2,-3.236
4,WFS15,free,r2,-1.0799
5,WFS15,free,r2,-4.6145
6,WFS15,free,r2,-8.8393
7,WFS15,free,r2,-1.8987
8,WFS15,free,r2,-6.722
9,WFS15,free,r2,-10.9135
10,WFS15,free,r2,-5.1176
1,WFS15,free,r2,-3.1953
2,WFS15,free,r2,-1.7604
3,WFS15,free,r2,-2.3064
4,WFS15,free,r2,-0.28876
5,WFS15,free,r2,-1.6381
6,WFS15,free,r2,-4.0794
7,WFS15,free,r2,-1.8479
8,WFS15,free,r2,-4.2688
9,WFS15,free,r2,-6.7357
10,WFS15,free,r2,-3.6133
1,WFS15,free,r2,0.45463
2,WFS15,free,r2,2.0174
3,WFS15,free,r2,-2.1279
4,WFS15,free,r2,0.29104
5,WFS15,free,r2,-1.6257
6,WFS15,free,r2,-3.9814
7,WFS15,free,r2,-0.41022
8,WFS15,free,r2,-3.119
9,WFS15,free,r2,-3.883
10,WFS15,free,r2,-1.1902
1,WFS15,free,r2,1.241
2,WFS15,free,r2,2.279
3,WFS15,free,r2,-1.3707
4,WFS15,free,r2,11.4773
5,WFS15,free,r2,-1.5851
6,WFS15,free,r2,-0.89361
7,WFS15,free,r2,0.37921
8,WFS15,free,r2,-1.4869
9,WFS15,free,r2,2.6998
10,WFS15,free,r2,2.8987
1,WFS15,free,r3,-1.7671
2,WFS15,free,r3,-6.53
3,WFS15,free,r3,-5.1282
4,WFS15,free,r3,-0.87807
5,WFS15,free,r3,-1.8092
6,WFS15,free,r3,-8.5093
7,WFS15,free,r3,-3.5001
8,WFS15,free,r3,-5.9363
9,WFS15,free,r3,-8.2142
10,WFS15,free,r3,-6.723
1,WFS15,free,r3,-1.4724
2,WFS15,free,r3,-4.5146
3,WFS15,free,r3,-4.0885
4,WFS15,free,r3,-0.47841
5,WFS15,free,r3,-1.7095
6,WFS15,free,r3,-4.725
7,WFS15,free,r3,-3.3349
8,WFS15,free,r3,-2.85
9,WFS15,free,r3,-3.6511
10,WFS15,free,r3,-3.2184
1,WFS15,free,r3,-0.9482
2,WFS15,free,r3,-1.7639
3,WFS15,free,r3,-2.7278
4,WFS15,free,r3,0.56232
5,WFS15,free,r3,-0.2554
6,WFS15,free,r3,-4.5258
7,WFS15,free,r3,-1.0268
8,WFS15,free,r3,0.66833
9,WFS15,free,r3,4.712
10,WFS15,free,r3,-2.8904
1,WFS15,free,r3,0.7273
2,WFS15,free,r3,-1.6007
3,WFS15,free,r3,-2.1688
4,WFS15,free,r3,1.4868
5,WFS15,free,r3,1.5978
6,WFS15,free,r3,-1.727
7,WFS15,free,r3,1.1157
8,WFS15,free,r3,2.8102
9,WFS15,free,r3,6.6375
10,WFS15,free,r3,-0.3587
1,WFS15,free,r3,2.1229
2,WFS15,free,r3,1.4803
3,WFS15,free,r3,2.7294
4,WFS15,free,r3,6.4956
5,WFS15,free,r3,3.0516
6,WFS15,free,r3,-1.0701
7,WFS15,free,r3,1.4426
8,WFS15,free,r3,2.9851
9,WFS15,free,r3,9.5436
10,WFS15,free,r3,0.95542
1,WFS3,beta070,r1,-15.6482
2,WFS3,beta070,r1,-15.9867
3,WFS3,beta070,r1,-16.8549
4,WFS3,beta070,r1,-16.7363
5,WFS3,beta070,r1,-13.4393
6,WFS3,beta070,r1,-12.221
7,WFS3,beta070,r1,-18.2511
8,WFS3,beta070,r1,-14.686
9,WFS3,beta070,r1,-21.4764
10,WFS3,beta070,r1,-20.5375
1,WFS3,beta070,r1,-14.8844
2,WFS3,beta070,r1,-13.1207
3,WFS3,beta070,r1,-16.0647
4,WFS3,beta070,r1,-15.4441
5,WFS3,beta070,r1,-12.2704
6,WFS3,beta070,r1,-12.1934
7,WFS3,beta070,r1,-17.5614
8,WFS3,beta070,r1,-14.1895
9,WFS3,beta070,r1,-18.7206
10,WFS3,beta070,r1,-19.3944
1,WFS3,beta070,r1,-10.1938
2,WFS3,beta070,r1,-12.2164
3,WFS3,beta070,r1,-15.8779
4,WFS3,beta070,r1,-12.5654
5,WFS3,beta070,r1,-10.0248
6,WFS3,beta070,r1,-7.9843
7,WFS3,beta070,r1,-17.2719
8,WFS3,beta070,r1,-13.5392
9,WFS3,beta070,r1,-17.3215
10,WFS3,beta070,r1,-19.0641
1,WFS3,beta070,r1,-9.3738
2,WFS3,beta070,r1,-11.099
3,WFS3,beta070,r1,-15.7043
4,WFS3,beta070,r1,-7.8793
5,WFS3,beta070,r1,-9.2137
6,WFS3,beta070,r1,-7.5181
7,WFS3,beta070,r1,-17.0887
8,WFS3,beta070,r1,-8.8359
9,WFS3,beta070,r1,-14.0932
10,WFS3,beta070,r1,-17.6491
1,WFS3,beta070,r1,-9.2644
2,WFS3,beta070,r1,-9.2146
3,WFS3,beta070,r1,-13.1052
4,WFS3,beta070,r1,-7.4649
5,WFS3,beta070,r1,-6.2918
6,WFS3,beta070,r1,-5.8121
7,WFS3,beta070,r1,-13.8441
8,WFS3,beta070,r1,-6.9506
9,WFS3,beta070,r1,-9.3568
10,WFS3,beta070,r1,-6.5773
1,WFS3,beta080,r1,-18.4778
2,WFS3,beta080,r1,-15.7508
3,WFS3,beta080,r1,-16.0546
4,WFS3,beta080,r1,-12.6237
5,WFS3,beta080,r1,-12.3504
6,WFS3,beta080,r1,-19.813
7,WFS3,beta080,r1,-15.1371
8,WFS3,beta080,r1,-17.1851
9,WFS3,beta080,r1,-19.6025
10,WFS3,beta080,r1,-21.4979
1,WFS3,beta080,r1,-16.4865
2,WFS3,beta080,r1,-12.0932
3,WFS3,beta080,r1,-12.2822
4,WFS3,beta080,r1,-11.9984
5,WFS3,beta080,r1,-10.3249
6,WFS3,beta080,r1,-14.6933
7,WFS3,beta080,r1,-14.4003
8,WFS3,beta080,r1,-15.4506
9,WFS3,beta080,r1,-10.2614
10,WFS3,beta080,r1,-15.7877
1,WFS3,beta080,r1,-12.7466
2,WFS3,beta080,r1,-11.4319
3,WFS3,beta080,r1,-11.7958
4,WFS3,beta080,r1,-9.3654
5,WFS3,beta080,r1,-9.9094
6,WFS3,beta080,r1,-9.3539
7,WFS3,beta080,r1,-14.3901
8,WFS3,beta080,r1,-14.035
9,WFS3,beta080,r1,-8.5986
10,WFS3,beta080,r1,-14.8841
1,WFS3,beta080,r1,-11.0197
2,WFS3,beta080,r1,-11.0646
3,WFS3,beta080,r1,-11.4118
4,WFS3,beta080,r1,-6.9959
5,WFS3,beta080,r1,-8.0806
6,WFS3,beta080,r1,-5.9138
7,WFS3,beta080,r1,-13.8985
8,WFS3,beta080,r1,-7.9359
9,WFS3,beta080,r1,-8.2273
10,WFS3,beta080,r1,-14.068
1,WFS3,beta080,r1,-5.62
2,WFS3,beta080,r1,-9.797
3,WFS3,beta080,r1,-10.6663
4,WFS3,beta080,r1,-3.6786
5,WFS3,beta080,r1,-5.7072
6,WFS3,beta080,r1,-5.7494
7,WFS3,beta080,r1,-12.5653
8,WFS3,beta080,r1,-6.8794
9,WFS3,beta080,r1,1.9833
10,WFS3,beta080,r1,-9.8754
1,WFS3,beta090,r1,-15.9979
2,WFS3,beta090,r1,-14.8626
3,WFS3,beta090,r1,-14.2244
4,WFS3,beta090,r1,-16.524
5,WFS3,beta090,r1,-14.5287
6,WFS3,beta090,r1,-10.5102
7,WFS3,beta090,r1,-17.6215
8,WFS3,beta090,r1,-26.6247
9,WFS3,beta090,r1,-17.8287
10,WFS3,beta090,r1,-17.0375
1,WFS3,beta090,r1,-14.4738
2,WFS3,beta090,r1,-13.5396
3,WFS3,beta090,r1,-14.0539
4,WFS3,beta090,r1,-10.7704
5,WFS3,beta090,r1,-14.0552
6,WFS3,beta090,r1,-9.7486
7,WFS3,beta090,r1,-15.6176
8,WFS3,beta090,r1,-7.4359
9,WFS3,beta090,r1,-16.7998
10,WFS3,beta090,r1,-16.4523
1,WFS3,beta090,r1,-9.9911
2,WFS3,beta090,r1,-12.6445
3,WFS3,beta090,r1,-12.3297
4,WFS3,beta090,r1,-9.2639
5,WFS3,beta090,r1,-11.2668
6,WFS3,beta090,r1,-9.3632
7,WFS3,beta090,r1,-13.9303
8,WFS3,beta090,r1,-2.7338
9,WFS3,beta090,r1,-11.9302
10,WFS3,beta090,r1,-15.8364
1,WFS3,beta090,r1,-8.9978
2,WFS3,beta090,r1,-9.7825
3,WFS3,beta090,r1,-11.2796
4,WFS3,beta090,r1,-5.2905
5,WFS3,beta090,r1,-10.0568
6,WFS3,beta090,r1,-8.6596
7,WFS3,beta090,r1,-13.0284
8,WFS3,beta090,r1,-1.3292
9,WFS3,beta090,r1,-10.853
10,WFS3,beta090,r1,-15.3581
1,WFS3,beta090,r1,-3.8185
2,WFS3,beta090,r1,-7.6034
3,WFS3,beta090,r1,-10.7781
4,WFS3,beta090,r1,-4.3754
5,WFS3,beta090,r1,-7.3482
6,WFS3,beta090,r1,-7.1577
7,WFS3,beta090,r1,-12.84
8,WFS3,beta090,r1,-0.58199
9,WFS3,beta090,r1,-5.5262
10,WFS3,beta090,r1,-11.3784
1,WFS3,beta070,r2,-10.8519
2,WFS3,beta070,r2,-9.7233
3,WFS3,beta070,r2,-16.6206
4,WFS3,beta070,r2,-15.3323
5,WFS3,beta070,r2,-11.6372
6,WFS3,beta070,r2,-13.384
7,WFS3,beta070,r2,-14.2974
8,WFS3,beta070,r2,-12.9343
9,WFS3,beta070,r2,-14.4848
10,WFS3,beta070,r2,-15.0709
1,WFS3,beta070,r2,-10.5963
2,WFS3,beta070,r2,-9.0421
3,WFS3,beta070,r2,-14.4313
4,WFS3,beta070,r2,-7.8465
5,WFS3,beta070,r2,-8.845
6,WFS3,beta070,r2,-12.18
7,WFS3,beta070,r2,-12.2857
8,WFS3,beta070,r2,-12.9064
9,WFS3,beta070,r2,-12.4325
10,WFS3,beta070,r2,-14.3808
1,WFS3,beta070,r2,-8.2913
2,WFS3,beta070,r2,-7.5215
3,WFS3,beta070,r2,-11.6258
4,WFS3,beta070,r2,-6.9739
5,WFS3,beta070,r2,-8.8414
6,WFS3,beta070,r2,-8.7085
7,WFS3,beta070,r2,-12.2052
8,WFS3,beta070,r2,-7.2485
9,WFS3,beta070,r2,-11.8279
10,WFS3,beta070,r2,-11.2213
1,WFS3,beta070,r2,-7.4095
2,WFS3,beta070,r2,-6.0234
3,WFS3,beta070,r2,-10.3798
4,WFS3,beta070,r2,-5.6217
5,WFS3,beta070,r2,-4.2782
6,WFS3,beta070,r2,-6.0656
7,WFS3,beta070,r2,-12.15
8,WFS3,beta070,r2,-6.6924
9,WFS3,beta070,r2,-8.1915
10,WFS3,beta070,r2,-10.9119
1,WFS3,beta070,r2,-7.0929
2,WFS3,beta070,r2,-2.5647
3,WFS3,beta070,r2,-7.9556
4,WFS3,beta070,r2,-3.2381
5,WFS3,beta070,r2,-3.3573
6,WFS3,beta070,r2,-3.9477
7,WFS3,beta070,r2,-9.2258
8,WFS3,beta070,r2,-6.5292
9,WFS3,beta070,r2,-4.8477
10,WFS3,beta070,r2,-7.8705
1,WFS3,beta080,r2,-10.9261
2,WFS3,beta080,r2,-11.3698
3,WFS3,beta080,r2,-18.0821
4,WFS3,beta080,r2,-14.4462
5,WFS3,beta080,r2,-6.8035
6,WFS3,beta080,r2,-11.9631
7,WFS3,beta080,r2,-16.3699
8,WFS3,beta080,r2,-19.3381
9,WFS3,beta080,r2,-16.7071
10,WFS3,beta080,r2,-13.8524
1,WFS3,beta080,r2,-9.6668
2,WFS3,beta080,r2,-8.528
3,WFS3,beta080,r2,-14.2481
4,WFS3,beta080,r2,-13.8578
5,WFS3,beta080,r2,-5.7864
6,WFS3,beta080,r2,-8.2399
7,WFS3,beta080,r2,-14.0936
8,WFS3,beta080,r2,-14.1795
9,WFS3,beta080,r2,-9.8576
10,WFS3,beta080,r2,-12.0497
1,WFS3,beta080,r2,-8.8305
2,WFS3,beta080,r2,-7.8027
3,WFS3,beta080,r2,-13.9715
4,WFS3,beta080,r2,-11.5478
5,WFS3,beta080,r2,-4.4486
6,WFS3,beta080,r2,-5.4623
7,WFS3,beta080,r2,-12.6305
8,WFS3,beta080,r2,-9.2697
9,WFS3,beta080,r2,-8.7855
10,WFS3,beta080,r2,-11.0019
1,WFS3,beta080,r2,-5.7207
2,WFS3,beta080,r2,-7.0337
3,WFS3,beta080,r2,-12.5042
4,WFS3,beta080,r2,-9.9476
5,WFS3,beta080,r2,-3.4782
6,WFS3,beta080,r2,-3.4839
7,WFS3,beta080,r2,-11.0936
8,WFS3,beta080,r2,-7.3917
9,WFS3,beta080,r2,-8.3417
10,WFS3,beta080,r2,-10.3797
1,WFS3,beta080,r2,-5.2792
2,WFS3,beta080,r2,-6.7819
3,WFS3,beta080,r2,-11.1901
4,WFS3,beta080,r2,-5.9853
5,WFS3,beta080,r2,-3.0728
6,WFS3,beta080,r2,-0.92566
7,WFS3,beta080,r2,-7.3296
8,WFS3,beta080,r2,-5.9291
9,WFS3,beta080,r2,-3.3984
10,WFS3,beta080,r2,-7.86
1,WFS3,beta090,r2,-13.4875
2,WFS3,beta090,r2,-10.2307
3,WFS3,beta090,r2,-16.0491
4,WFS3,beta090,r2,-13.3973
5,WFS3,beta090,r2,-12.5428
6,WFS3,beta090,r2,-9.9113
7,WFS3,beta090,r2,-17.492
8,WFS3,beta090,r2,-10.5461
9,WFS3,beta090,r2,-20.5869
10,WFS3,beta090,r2,-13.8925
1,WFS3,beta090,r2,-12.4275
2,WFS3,beta090,r2,-9.5339
3,WFS3,beta090,r2,-11.3202
4,WFS3,beta090,r2,-11.054
5,WFS3,beta090,r2,-11.6564
6,WFS3,beta090,r2,-8.1228
7,WFS3,beta090,r2,-13.9551
8,WFS3,beta090,r2,-6.9581
9,WFS3,beta090,r2,-16.6355
10,WFS3,beta090,r2,-11.0122
1,WFS3,beta090,r2,-8.1966
2,WFS3,beta090,r2,-9.3461
3,WFS3,beta090,r2,-8.5793
4,WFS3,beta090,r2,-8.2864
5,WFS3,beta090,r2,-5.4428
6,WFS3,beta090,r2,-5.5784
7,WFS3,beta090,r2,-11.3351
8,WFS3,beta090,r2,-5.911
9,WFS3,beta090,r2,-9.9592
10,WFS3,beta090,r2,-7.9881
1,WFS3,beta090,r2,-5.4728
2,WFS3,beta090,r2,-7.1384
3,WFS3,beta090,r2,-7.8687
4,WFS3,beta090,r2,-3.5105
5,WFS3,beta090,r2,-2.5313
6,WFS3,beta090,r2,-3.0099
7,WFS3,beta090,r2,-9.3274
8,WFS3,beta090,r2,-5.5837
9,WFS3,beta090,r2,-1.9833
10,WFS3,beta090,r2,-6.9618
1,WFS3,beta090,r2,-5.2456
2,WFS3,beta090,r2,0.68021
3,WFS3,beta090,r2,-7.3189
4,WFS3,beta090,r2,0.59361
5,WFS3,beta090,r2,-1.8743
6,WFS3,beta090,r2,-0.39333
7,WFS3,beta090,r2,-8.4191
8,WFS3,beta090,r2,-4.9172
9,WFS3,beta090,r2,5.8806
10,WFS3,beta090,r2,-5.5153
1,WFS3,beta070,r3,-3.2604
2,WFS3,beta070,r3,-2.3212
3,WFS3,beta070,r3,-4.3655
4,WFS3,beta070,r3,-8.8941
5,WFS3,beta070,r3,-1.3204
6,WFS3,beta070,r3,-3.986
7,WFS3,beta070,r3,-5.133
8,WFS3,beta070,r3,-4.1801
9,WFS3,beta070,r3,-9.2453
10,WFS3,beta070,r3,-8.9631
1,WFS3,beta070,r3,-1.4367
2,WFS3,beta070,r3,-0.70887
3,WFS3,beta070,r3,-3.1495
4,WFS3,beta070,r3,-3.9901
5,WFS3,beta070,r3,-1.0598
6,WFS3,beta070,r3,-2.8888
7,WFS3,beta070,r3,-5.0445
8,WFS3,beta070,r3,-3.7721
9,WFS3,beta070,r3,-1.7687
10,WFS3,beta070,r3,-8.0938
1,WFS3,beta070,r3,-1.2542
2,WFS3,beta070,r3,-0.013616
3,WFS3,beta070,r3,-2.8772
4,WFS3,beta070,r3,-2.8814
5,WFS3,beta070,r3,0.082631
6,WFS3,beta070,r3,-2.7877
7,WFS3,beta070,r3,-1.6519
8,WFS3,beta070,r3,-2.3541
9,WFS3,beta070,r3,1.2817
10,WFS3,beta070,r3,-7.3213
1,WFS3,beta070,r3,1.1264
2,WFS3,beta070,r3,0.65853
3,WFS3,beta070,r3,-1.5109
4,WFS3,beta070,r3,-1.0845
5,WFS3,beta070,r3,1.615
6,WFS3,beta070,r3,0.29184
7,WFS3,beta070,r3,0.58742
8,WFS3,beta070,r3,-0.52204
9,WFS3,beta070,r3,1.8635
10,WFS3,beta070,r3,-5.2583
1,WFS3,beta070,r3,3.0531
2,WFS3,beta070,r3,0.89202
3,WFS3,beta070,r3,-1.3339
4,WFS3,beta070,r3,-0.65837
5,WFS3,beta070,r3,2.6931
6,WFS3,beta070,r3,2.7893
7,WFS3,beta070,r3,1.0676
8,WFS3,beta070,r3,7.9339
9,WFS3,beta070,r3,8.4969
10,WFS3,beta070,r3,-3.5848
1,WFS3,beta080,r3,-3.3678
2,WFS3,beta080,r3,-6.0076
3,WFS3,beta080,r3,-6.6104
4,WFS3,beta080,r3,-5.9317
5,WFS3,beta080,r3,-3.5089
6,WFS3,beta080,r3,-6.0312
7,WFS3,beta080,r3,-2.2552
8,WFS3,beta080,r3,-4.0301
9,WFS3,beta080,r3,-12.5711
10,WFS3,beta080,r3,-7.0044
1,WFS3,beta080,r3,-2.4335
2,WFS3,beta080,r3,-3.2727
3,WFS3,beta080,r3,-5.4339
4,WFS3,beta080,r3,-3.5143
5,WFS3,beta080,r3,-0.38218
6,WFS3,beta080,r3,-4.8202
7,WFS3,beta080,r3,-1.4186
8,WFS3,beta080,r3,-3.2605
9,WFS3,beta080,r3,-10.0296
10,WFS3,beta080,r3,-6.4384
1,WFS3,beta080,r3,-1.5675
2,WFS3,beta080,r3,-1.9899
3,WFS3,beta080,r3,-2.9975
4,WFS3,beta080,r3,-2.9023
5,WFS3,beta080,r3,0.84717
6,WFS3,beta080,r3,-0.99164
7,WFS3,beta080,r3,-0.84646
8,WFS3,beta080,r3,-1.4049
9,WFS3,beta080,r3,-6.5988
10,WFS3,beta080,r3,-0.2519
1,WFS3,beta080,r3,-0.70565
2,WFS3,beta080,r3,1.1881
3,WFS3,beta080,r3,-2.744
4,WFS3,beta080,r3,-2.357
5,WFS3,beta080,r3,2.139
6,WFS3,beta080,r3,0.81639
7,WFS3,beta080,r3,0.27109
8,WFS3,beta080,r3,-0.58867
9,WFS3,beta080,r3,-4.8038
10,WFS3,beta080,r3,1.1751
1,WFS3,beta080,r3,0.33107
2,WFS3,beta080,r3,2.513
3,WFS3,beta080,r3,-1.5601
4,WFS3,beta080,r3,1.5201
5,WFS3,beta080,r3,4.6545
6,WFS3,beta080,r3,0.89902
7,WFS3,beta080,r3,1.5086
8,WFS3,beta080,r3,2.5676
9,WFS3,beta080,r3,-0.85504
10,WFS3,beta080,r3,2.8933
1,WFS3,beta090,r3,-6.3275
2,WFS3,beta090,r3,-7.14
3,WFS3,beta090,r3,-8.9774
4,WFS3,beta090,r3,-7.7419
5,WFS3,beta090,r3,-1.2387
6,WFS3,beta090,r3,-5.0616
7,WFS3,beta090,r3,-8.103
8,WFS3,beta090,r3,-10.4981
9,WFS3,beta090,r3,-12.9595
10,WFS3,beta090,r3,-7.9713
1,WFS3,beta090,r3,-2.3081
2,WFS3,beta090,r3,-6.3889
3,WFS3,beta090,r3,-5.9366
4,WFS3,beta090,r3,-6.7981
5,WFS3,beta090,r3,-1.1659
6,WFS3,beta090,r3,-3.6437
7,WFS3,beta090,r3,-5.4054
8,WFS3,beta090,r3,-10.1401
9,WFS3,beta090,r3,-10.2282
10,WFS3,beta090,r3,-7.2689
1,WFS3,beta090,r3,-2.1864
2,WFS3,beta090,r3,-1.1507
3,WFS3,beta090,r3,-5.1694
4,WFS3,beta090,r3,-5.0419
5,WFS3,beta090,r3,2.4526
6,WFS3,beta090,r3,-3.6411
7,WFS3,beta090,r3,-3.3454
8,WFS3,beta090,r3,-5.5196
9,WFS3,beta090,r3,-9.4818
10,WFS3,beta090,r3,-6.8534
1,WFS3,beta090,r3,-0.97273
2,WFS3,beta090,r3,0.29116
3,WFS3,beta090,r3,-2.1792
4,WFS3,beta090,r3,-1.858
5,WFS3,beta090,r3,2.6402
6,WFS3,beta090,r3,-1.6902
7,WFS3,beta090,r3,-2.4024
8,WFS3,beta090,r3,0.15265
9,WFS3,beta090,r3,-4.2142
10,WFS3,beta090,r3,-5.5891
1,WFS3,beta090,r3,3.6797
2,WFS3,beta090,r3,4.1282
3,WFS3,beta090,r3,-1.4034
4,WFS3,beta090,r3,3.265
5,WFS3,beta090,r3,5.1173
6,WFS3,beta090,r3,7.0918
7,WFS3,beta090,r3,-1.9248
8,WFS3,beta090,r3,2.4781
9,WFS3,beta090,r3,-2.4642
10,WFS3,beta090,r3,-4.6333
1,WFS8,beta070,r1,-7.4515
2,WFS8,beta070,r1,-7.653
3,WFS8,beta070,r1,-8.34
4,WFS8,beta070,r1,-9.5538
5,WFS8,beta070,r1,-1.6225
6,WFS8,beta070,r1,-8.1558
7,WFS8,beta070,r1,-9.9657
8,WFS8,beta070,r1,-14.9719
9,WFS8,beta070,r1,-11.1531
10,WFS8,beta070,r1,-14.0876
1,WFS8,beta070,r1,-6.0891
2,WFS8,beta070,r1,-4.4281
3,WFS8,beta070,r1,-6.6589
4,WFS8,beta070,r1,-1.8166
5,WFS8,beta070,r1,-1.3195
6,WFS8,beta070,r1,-6.5767
7,WFS8,beta070,r1,-7.0141
8,WFS8,beta070,r1,-5.973
9,WFS8,beta070,r1,-9.6787
10,WFS8,beta070,r1,-11.0584
1,WFS8,beta070,r1,-1.1249
2,WFS8,beta070,r1,-1.5915
3,WFS8,beta070,r1,-5.6782
4,WFS8,beta070,r1,-0.053222
5,WFS8,beta070,r1,-0.16039
6,WFS8,beta070,r1,-6.0484
7,WFS8,beta070,r1,-6.4084
8,WFS8,beta070,r1,-3.5491
9,WFS8,beta070,r1,-4.7493
10,WFS8,beta070,r1,-10.6754
1,WFS8,beta070,r1,-0.948
2,WFS8,beta070,r1,1.1306
3,WFS8,beta070,r1,-4.8204
4,WFS8,beta070,r1,1.1707
5,WFS8,beta070,r1,-0.05241
6,WFS8,beta070,r1,-5.7312
7,WFS8,beta070,r1,-5.43
8,WFS8,beta070,r1,-3.3061
9,WFS8,beta070,r1,-4.5151
10,WFS8,beta070,r1,-5.8863
1,WFS8,beta070,r1,-0.93313
2,WFS8,beta070,r1,3.226
3,WFS8,beta070,r1,-3.3556
4,WFS8,beta070,r1,2.2157
5,WFS8,beta070,r1,3.4446
6,WFS8,beta070,r1,-5.7205
7,WFS8,beta070,r1,-2.3387
8,WFS8,beta070,r1,2.4642
9,WFS8,beta070,r1,-3.2373
10,WFS8,beta070,r1,-2.0316
1,WFS8,beta080,r1,-6.4009
2,WFS8,beta080,r1,-7.7644
3,WFS8,beta080,r1,-11.9421
4,WFS8,beta080,r1,-5.5925
5,WFS8,beta080,r1,-1.1523
6,WFS8,beta080,r1,-8.4462
7,WFS8,beta080,r1,-11.6352
8,WFS8,beta080,r1,-10.8388
9,WFS8,beta080,r1,-11.5085
10,WFS8,beta080,r1,-15.1336
1,WFS8,beta080,r1,-5.8063
2,WFS8,beta080,r1,-7.198
3,WFS8,beta080,r1,-7.3843
4,WFS8,beta080,r1,-5.4862
5,WFS8,beta080,r1,-1.1421
6,WFS8,beta080,r1,-8.1431
7,WFS8,beta080,r1,-11.0459
8,WFS8,beta080,r1,-10.4692
9,WFS8,beta080,r1,-10.5669
10,WFS8,beta080,r1,-7.4578
1,WFS8,beta080,r1,-4.8877
2,WFS8,beta080,r1,-2.0269
3,WFS8,beta080,r1,-6.3154
4,WFS8,beta080,r1,-4.5042
5,WFS8,beta080,r1,0.14069
6,WFS8,beta080,r1,-2.0615
7,WFS8,beta080,r1,-8.6518
8,WFS8,beta080,r1,-7.193
9,WFS8,beta080,r1,-9.5569
10,WFS8,beta080,r1,-7.0242
1,WFS8,beta080,r1,-4.4418
2,WFS8,beta080,r1,-0.7107
3,WFS8,beta080,r1,-4.8212
4,WFS8,beta080,r1,-2.5574
5,WFS8,beta080,r1,0.77205
6,WFS8,beta080,r1,-1.8432
7,WFS8,beta080,r1,-6.7204
8,WFS8,beta080,r1,0.35288
9,WFS8,beta080,r1,-3.0377
10,WFS8,beta080,r1,-6.6808
1,WFS8,beta080,r1,-2.3709
2,WFS8,beta080,r1,1.24
3,WFS8,beta080,r1,-3.0314
4,WFS8,beta080,r1,-0.178
5,WFS8,beta080,r1,2.209
6,WFS8,beta080,r1,-1.3586
7,WFS8,beta080,r1,-5.9754
8,WFS8,beta080,r1,1.2234
9,WFS8,beta080,r1,1.7742
10,WFS8,beta080,r1,-4.668
1,WFS8,beta090,r1,-9.8284
2,WFS8,beta090,r1,-12.9339
3,WFS8,beta090,r1,-10.9205
4,WFS8,beta090,r1,-12.3808
5,WFS8,beta090,r1,-3.632
6,WFS8,beta090,r1,-13.2611
7,WFS8,beta090,r1,-10.7674
8,WFS8,beta090,r1,-7.0865
9,WFS8,beta090,r1,-20.2136
10,WFS8,beta090,r1,-14.6892
1,WFS8,beta090,r1,-6.7572
2,WFS8,beta090,r1,-3.8869
3,WFS8,beta090,r1,-8.5794
4,WFS8,beta090,r1,-5.0788
5,WFS8,beta090,r1,-1.8536
6,WFS8,beta090,r1,-7.2622
7,WFS8,beta090,r1,-10.3037
8,WFS8,beta090,r1,-6.7231
9,WFS8,beta090,r1,-10.6052
10,WFS8,beta090,r1,-11.9826
1,WFS8,beta090,r1,-2.3067
2,WFS8,beta090,r1,-1.7735
3,WFS8,beta090,r1,-7.8845
4,WFS8,beta090,r1,-3.583
5,WFS8,beta090,r1,-1.0736
6,WFS8,beta090,r1,-7.0786
7,WFS8,beta090,r1,-9.4674
8,WFS8,beta090,r1,-4.8495
9,WFS8,beta090,r1,-7.8599
10,WFS8,beta090,r1,-9.4551
1,WFS8,beta090,r1,0.13153
2,WFS8,beta090,r1,-1.3204
3,WFS8,beta090,r1,-4.6059
4,WFS8,beta090,r1,-2.4092
5,WFS8,beta090,r1,2.8617
6,WFS8,beta090,r1,-2.0401
7,WFS8,beta090,r1,-6.4785
8,WFS8,beta090,r1,-3.4823
9,WFS8,beta090,r1,-5.117
10,WFS8,beta090,r1,-8.5454
1,WFS8,beta090,r1,0.52102
2,WFS8,beta090,r1,-1.1934
3,WFS8,beta090,r1,-2.9258
4,WFS8,beta090,r1,-2.0809
5,WFS8,beta090,r1,5.426
6,WFS8,beta090,r1,-1.7434
7,WFS8,beta090,r1,-6.0007
8,WFS8,beta090,r1,-3.1281
9,WFS8,beta090,r1,15.9727
10,WFS8,beta090,r1,-7.915
1,WFS8,beta070,r2,-3.5216
2,WFS8,beta070,r2,-3.0135
3,WFS8,beta070,r2,-6.3672
4,WFS8,beta070,r2,-7.0149
5,WFS8,beta070,r2,-7.0492
6,WFS8,beta070,r2,-6.2939
7,WFS8,beta070,r2,-5.9261
8,WFS8,beta070,r2,-11.6308
9,WFS8,beta070,r2,-13.0874
10,WFS8,beta070,r2,-10.7067
1,WFS8,beta070,r2,-2.5151
2,WFS8,beta070,r2,-2.1594
3,WFS8,beta070,r2,-3.5937
4,WFS8,beta070,r2,-5.6128
5,WFS8,beta070,r2,-1.9566
6,WFS8,beta070,r2,-4.2603
7,WFS8,beta070,r2,-2.8942
8,WFS8,beta070,r2,-8.8481
9,WFS8,beta070,r2,-6.1797
10,WFS8,beta070,r2,-8.5026
1,WFS8,beta070,r2,-2.0014
2,WFS8,beta070,r2,-1.6508
3,WFS8,beta070,r2,-3.1443
4,WFS8,beta070,r2,-4.4065
5,WFS8,beta070,r2,-0.5518
6,WFS8,beta070,r2,-2.1962
7,WFS8,beta070,r2,-2.3184
8,WFS8,beta070,r2,-7.7084
9,WFS8,beta070,r2,-6.1582
10,WFS8,beta070,r2,-6.3672
1,WFS8,beta070,r2,-1.8305
2,WFS8,beta070,r2,-0.83032
3,WFS8,beta070,r2,-2.1403
4,WFS8,beta070,r2,1.2973
5,WFS8,beta070,r2,-0.30952
6,WFS8,beta070,r2,-1.7766
7,WFS8,beta070,r2,-2.1612
8,WFS8,beta070,r2,-3.851
9,WFS8,beta070,r2,-0.084366
10,WFS8,beta070,r2,-5.2106
1,WFS8,beta070,r2,-1.6276
2,WFS8,beta070,r2,1.9191
3,WFS8,beta070,r2,-1.5239
4,WFS8,beta070,r2,3.0214
5,WFS8,beta070,r2,-0.080563
6,WFS8,beta070,r2,2.7097
7,WFS8,beta070,r2,-1.1722
8,WFS8,beta070,r2,-3.0376
9,WFS8,beta070,r2,3.719
10,WFS8,beta070,r2,-2.8133
1,WFS8,beta080,r2,-6.1994
2,WFS8,beta080,r2,-11.7834
3,WFS8,beta080,r2,-10.3712
4,WFS8,beta080,r2,-2.1567
5,WFS8,beta080,r2,-2.5364
6,WFS8,beta080,r2,-10.4159
7,WFS8,beta080,r2,-7.3331
8,WFS8,beta080,r2,-14.2404
9,WFS8,beta080,r2,-9.9235
10,WFS8,beta080,r2,-7.4294
1,WFS8,beta080,r2,-5.0053
2,WFS8,beta080,r2,-6.8365
3,WFS8,beta080,r2,-8.8335
4,WFS8,beta080,r2,-1.7301
5,WFS8,beta080,r2,-1.038
6,WFS8,beta080,r2,-4.2503
7,WFS8,beta080,r2,-6.6652
8,WFS8,beta080,r2,-8.7128
9,WFS8,beta080,r2,-2.5722
10,WFS8,beta080,r2,-5.9432
1,WFS8,beta080,r2,-4.2482
2,WFS8,beta080,r2,-4.3745
3,WFS8,beta080,r2,-7.3773
4,WFS8,beta080,r2,-1.6624
5,WFS8,beta080,r2,-0.49417
6,WFS8,beta080,r2,-1.2224
7,WFS8,beta080,r2,-4.7809
8,WFS8,beta080,r2,-7.7074
9,WFS8,beta080,r2,-2.0384
10,WFS8,beta080,r2,-5.8175
1,WFS8,beta080,r2,-2.6871
2,WFS8,beta080,r2,-2.19
3,WFS8,beta080,r2,-3.7248
4,WFS8,beta080,r2,-1.2914
5,WFS8,beta080,r2,0.17295
6,WFS8,beta080,r2,-0.58873
7,WFS8,beta080,r2,-2.9759
8,WFS8,beta080,r2,-5.3114
9,WFS8,beta080,r2,1.4414
10,WFS8,beta080,r2,-4.0318
1,WFS8,beta080,r2,-0.21096
2,WFS8,beta080,r2,1.6926
3,WFS8,beta080,r2,-2.6385
4,WFS8,beta080,r2,0.072913
5,WFS8,beta080,r2,1.6665
6,WFS8,beta080,r2,4.5884
7,WFS8,beta080,r2,-2.6434
8,WFS8,beta080,r2,0.7253
9,WFS8,beta080,r2,2.5488
10,WFS8,beta080,r2,-2.2181
1,WFS8,beta090,r2,-12.939
2,WFS8,beta090,r2,-17.9377
3,WFS8,beta090,r2,-10.1801
4,WFS8,beta090,r2,-4.0583
5,WFS8,beta090,r2,-8.7884
6,WFS8,beta090,r2,-7.2395
7,WFS8,beta090,r2,-10.4559
8,WFS8,beta090,r2,-17.5598
9,WFS8,beta090,r2,-15.0625
10,WFS8,beta090,r2,-14.307
1,WFS8,beta090,r2,-9.6262
2,WFS8,beta090,r2,-4.7587
3,WFS8,beta090,r2,-10.1538
4,WFS8,beta090,r2,-2.1421
5,WFS8,beta090,r2,-8.2044
6,WFS8,beta090,r2,-2.1382
7,WFS8,beta090,r2,-9.5159
8,WFS8,beta090,r2,-16.863
9,WFS8,beta090,r2,-14.8831
10,WFS8,beta090,r2,-13.3446
1,WFS8,beta090,r2,-4.394
2,WFS8,beta090,r2,-4.0361
3,WFS8,beta090,r2,-7.411
4,WFS8,beta090,r2,-0.23433
5,WFS8,beta090,r2,-3.6079
6,WFS8,beta090,r2,-0.73305
7,WFS8,beta090,r2,-9.1368
8,WFS8,beta090,r2,-14.4576
9,WFS8,beta090,r2,-13.7608
10,WFS8,beta090,r2,-11.1192
1,WFS8,beta090,r2,-3.1388
2,WFS8,beta090,r2,4.2811
3,WFS8,beta090,r2,-6.6007
4,WFS8,beta090,r2,1.116
5,WFS8,beta090,r2,-3.0943
6,WFS8,beta090,r2,1.4028
7,WFS8,beta090,r2,-7.7369
8,WFS8,beta090,r2,-12.5993
9,WFS8,beta090,r2,-11.5388
10,WFS8,beta090,r2,-7.8689
1,WFS8,beta090,r2,-1.6852
2,WFS8,beta090,r2,5.3663
3,WFS8,beta090,r2,-1.408
4,WFS8,beta090,r2,1.9126
5,WFS8,beta090,r2,-2.622
6,WFS8,beta090,r2,3.2384
7,WFS8,beta090,r2,-6.4584
8,WFS8,beta090,r2,-9.7323
9,WFS8,beta090,r2,-5.4369
10,WFS8,beta090,r2,-4.6599
1,WFS8,beta070,r3,-1.7423
2,WFS8,beta070,r3,-6.7553
3,WFS8,beta070,r3,-5.7328
4,WFS8,beta070,r3,-3.2464
5,WFS8,beta070,r3,-0.31851
6,WFS8,beta070,r3,-5.1905
7,WFS8,beta070,r3,-3.6807
8,WFS8,beta070,r3,-5.4459
9,WFS8,beta070,r3,-6.3926
10,WFS8,beta070,r3,-6.1598
1,WFS8,beta070,r3,-0.68904
2,WFS8,beta070,r3,-2.9198
3,WFS8,beta070,r3,-5.082
4,WFS8,beta070,r3,-1.4714
5,WFS8,beta070,r3,-0.10441
6,WFS8,beta070,r3,-4.0241
7,WFS8,beta070,r3,-2.1619
8,WFS8,beta070,r3,-3.8206
9,WFS8,beta070,r3,-4.7504
10,WFS8,beta070,r3,-3.987
1,WFS8,beta070,r3,2.1135
2,WFS8,beta070,r3,2.4952
3,WFS8,beta070,r3,-4.4598
4,WFS8,beta070,r3,0.25812
5,WFS8,beta070,r3,0.59546
6,WFS8,beta070,r3,-2.3046
7,WFS8,beta070,r3,-0.032999
8,WFS8,beta070,r3,-2.8882
9,WFS8,beta070,r3,-2.8956
10,WFS8,beta070,r3,-2.2507
1,WFS8,beta070,r3,3.1553
2,WFS8,beta070,r3,2.9892
3,WFS8,beta070,r3,-3.1899
4,WFS8,beta070,r3,3.2399
5,WFS8,beta070,r3,1.1209
6,WFS8,beta070,r3,-1.0935
7,WFS8,beta070,r3,0.99931
8,WFS8,beta070,r3,-1.5231
9,WFS8,beta070,r3,-0.034374
10,WFS8,beta070,r3,-1.7603
1,WFS8,beta070,r3,3.6993
2,WFS8,beta070,r3,3.3994
3,WFS8,beta070,r3,-2.9888
4,WFS8,beta070,r3,7.6722
5,WFS8,beta070,r3,2.9404
6,WFS8,beta070,r3,4.497
7,WFS8,beta070,r3,1.1789
8,WFS8,beta070,r3,6.3445
9,WFS8,beta070,r3,0.19119
10,WFS8,beta070,r3,1.0565
1,WFS8,beta080,r3,-1.922
2,WFS8,beta080,r3,-5.3839
3,WFS8,beta080,r3,-6.2847
4,WFS8,beta080,r3,-3.9426
5,WFS8,beta080,r3,-2.641
6,WFS8,beta080,r3,-2.0602
7,WFS8,beta080,r3,-7.2621
8,WFS8,beta080,r3,-8.0757
9,WFS8,beta080,r3,-9.8941
10,WFS8,beta080,r3,-13.5605
1,WFS8,beta080,r3,-1.8605
2,WFS8,beta080,r3,-5.2486
3,WFS8,beta080,r3,-3.8124
4,WFS8,beta080,r3,-2.5266
5,WFS8,beta080,r3,-0.61532
6,WFS8,beta080,r3,0.14958
7,WFS8,beta080,r3,-5.3565
8,WFS8,beta080,r3,-6.2458
9,WFS8,beta080,r3,-1.3356
10,WFS8,beta080,r3,-2.879
1,WFS8,beta080,r3,0.046736
2,WFS8,beta080,r3,0.60204
3,WFS8,beta080,r3,-1.9828
4,WFS8,beta080,r3,-2.5036
5,WFS8,beta080,r3,1.9517
6,WFS8,beta080,r3,0.82714
7,WFS8,beta080,r3,-3.1915
8,WFS8,beta080,r3,-3.6378
9,WFS8,beta080,r3,2.3743
10,WFS8,beta080,r3,-1.8302
1,WFS8,beta080,r3,0.76076
2,WFS8,beta080,r3,1.4806
3,WFS8,beta080,r3,-1.5311
4,WFS8,beta080,r3,-0.69504
5,WFS8,beta080,r3,2.9782
6,WFS8,beta080,r3,1.3934
7,WFS8,beta080,r3,-3.0757
8,WFS8,beta080,r3,-3.4413
9,WFS8,beta080,r3,7.3266
10,WFS8,beta080,r3,-0.96678
1,WFS8,beta080,r3,1.2723
2,WFS8,beta080,r3,3.3644
3,WFS8,beta080,r3,-0.90925
4,WFS8,beta080,r3,0.54915
5,WFS8,beta080,r3,4.6065
6,WFS8,beta080,r3,5.2582
7,WFS8,beta080,r3,-1.2009
8,WFS8,beta080,r3,13.6093
9,WFS8,beta080,r3,7.8143
10,WFS8,beta080,r3,1.2004
1,WFS8,beta090,r3,-3.9288
2,WFS8,beta090,r3,-2.7261
3,WFS8,beta090,r3,-11.2271
4,WFS8,beta090,r3,-9.0054
5,WFS8,beta090,r3,-0.58613
6,WFS8,beta090,r3,-3.7262
7,WFS8,beta090,r3,-8.5915
8,WFS8,beta090,r3,-6.0688
9,WFS8,beta090,r3,-10.9363
10,WFS8,beta090,r3,-10.482
1,WFS8,beta090,r3,-3.8991
2,WFS8,beta090,r3,0.19449
3,WFS8,beta090,r3,-9.86
4,WFS8,beta090,r3,-2.8043
5,WFS8,beta090,r3,-0.037983
6,WFS8,beta090,r3,-0.46277
7,WFS8,beta090,r3,-5.8258
8,WFS8,beta090,r3,-4.7376
9,WFS8,beta090,r3,-8.0966
10,WFS8,beta090,r3,-5.1635
1,WFS8,beta090,r3,-3.6939
2,WFS8,beta090,r3,3.3529
3,WFS8,beta090,r3,-8.1679
4,WFS8,beta090,r3,-2.4107
5,WFS8,beta090,r3,0.51784
6,WFS8,beta090,r3,0.46022
7,WFS8,beta090,r3,-2.6722
8,WFS8,beta090,r3,-2.7209
9,WFS8,beta090,r3,-6.5046
10,WFS8,beta090,r3,-4.6941
1,WFS8,beta090,r3,-0.20709
2,WFS8,beta090,r3,5.0508
3,WFS8,beta090,r3,-4.9009
4,WFS8,beta090,r3,-2.0058
5,WFS8,beta090,r3,2.3283
6,WFS8,beta090,r3,2.756
7,WFS8,beta090,r3,-2.4586
8,WFS8,beta090,r3,-2.2877
9,WFS8,beta090,r3,-1.464
10,WFS8,beta090,r3,-4.638
1,WFS8,beta090,r3,0.2631
2,WFS8,beta090,r3,7.4649
3,WFS8,beta090,r3,-3.544
4,WFS8,beta090,r3,-1.7226
5,WFS8,beta090,r3,7.7905
6,WFS8,beta090,r3,4.1777
7,WFS8,beta090,r3,-2.1623
8,WFS8,beta090,r3,-1.2982
9,WFS8,beta090,r3,11.3925
10,WFS8,beta090,r3,-3.7007
1,WFS15,beta070,r1,-2.0653
2,WFS15,beta070,r1,-2.4384
3,WFS15,beta070,r1,-1.2563
4,WFS15,beta070,r1,-3.2059
5,WFS15,beta070,r1,-2.688
6,WFS15,beta070,r1,-7.445
7,WFS15,beta070,r1,-5.353
8,WFS15,beta070,r1,-5.6569
9,WFS15,beta070,r1,-6.0375
10,WFS15,beta070,r1,-8.6007
1,WFS15,beta070,r1,-1.5738
2,WFS15,beta070,r1,-2.0896
3,WFS15,beta070,r1,-0.6153
4,WFS15,beta070,r1,-2.1312
5,WFS15,beta070,r1,1.1218
6,WFS15,beta070,r1,-3.4377
7,WFS15,beta070,r1,-3.9261
8,WFS15,beta070,r1,1.389
9,WFS15,beta070,r1,-3.2759
10,WFS15,beta070,r1,-3.5582
1,WFS15,beta070,r1,-1.3504
2,WFS15,beta070,r1,-1.3727
3,WFS15,beta070,r1,0.29172
4,WFS15,beta070,r1,-1.6618
5,WFS15,beta070,r1,1.2719
6,WFS15,beta070,r1,0.0079464
7,WFS15,beta070,r1,-2.6794
8,WFS15,beta070,r1,1.6855
9,WFS15,beta070,r1,-2.0399
10,WFS15,beta070,r1,-3.4717
1,WFS15,beta070,r1,0.053993
2,WFS15,beta070,r1,1.2704
3,WFS15,beta070,r1,0.60321
4,WFS15,beta070,r1,-1.6604
5,WFS15,beta070,r1,1.8716
6,WFS15,beta070,r1,0.83103
7,WFS15,beta070,r1,-1.1043
8,WFS15,beta070,r1,3.4006
9,WFS15,beta070,r1,3.8801
10,WFS15,beta070,r1,-1.2174
1,WFS15,beta070,r1,2.3308
2,WFS15,beta070,r1,3.7989
3,WFS15,beta070,r1,1.6173
4,WFS15,beta070,r1,-0.11272
5,WFS15,beta070,r1,3.5065
6,WFS15,beta070,r1,3.6417
7,WFS15,beta070,r1,-0.86942
8,WFS15,beta070,r1,5.111
9,WFS15,beta070,r1,4.887
10,WFS15,beta070,r1,1.751
1,WFS15,beta080,r1,-2.2372
2,WFS15,beta080,r1,-1.0373
3,WFS15,beta080,r1,-4.1615
4,WFS15,beta080,r1,-2.982
5,WFS15,beta080,r1,-3.6308
6,WFS15,beta080,r1,-3.8591
7,WFS15,beta080,r1,-4.2228
8,WFS15,beta080,r1,-6.1237
9,WFS15,beta080,r1,-3.9339
10,WFS15,beta080,r1,-9.5392
1,WFS15,beta080,r1,-1.8086
2,WFS15,beta080,r1,0.27911
3,WFS15,beta080,r1,-3.1484
4,WFS15,beta080,r1,0.45136
5,WFS15,beta080,r1,-1.5245
6,WFS15,beta080,r1,2.2443
7,WFS15,beta080,r1,-2.8094
8,WFS15,beta080,r1,-0.35892
9,WFS15,beta080,r1,-2.9431
10,WFS15,beta080,r1,-4.1844
1,WFS15,beta080,r1,-0.95722
2,WFS15,beta080,r1,1.0684
3,WFS15,beta080,r1,-0.69758
4,WFS15,beta080,r1,0.82506
5,WFS15,beta080,r1,-0.37582
6,WFS15,beta080,r1,2.435
7,WFS15,beta080,r1,-2.2122
8,WFS15,beta080,r1,0.21249
9,WFS15,beta080,r1,-1.1
10,WFS15,beta080,r1,1.3015
1,WFS15,beta080,r1,0.68111
2,WFS15,beta080,r1,1.4392
3,WFS15,beta080,r1,0.47483
4,WFS15,beta080,r1,4.6022
5,WFS15,beta080,r1,-0.071254
6,WFS15,beta080,r1,3.6643
7,WFS15,beta080,r1,-2.0709
8,WFS15,beta080,r1,3.9734
9,WFS15,beta080,r1,-0.34875
10,WFS15,beta080,r1,3.1305
1,WFS15,beta080,r1,1.0742
2,WFS15,beta080,r1,4.0681
3,WFS15,beta080,r1,1.54
4,WFS15,beta080,r1,6.3634
5,WFS15,beta080,r1,0.91533
6,WFS15,beta080,r1,3.8393
7,WFS15,beta080,r1,-1.4319
8,WFS15,beta080,r1,9.3866
9,WFS15,beta080,r1,2.7857
10,WFS15,beta080,r1,3.7739
1,WFS15,beta090,r1,-8.741
2,WFS15,beta090,r1,-4.1233
3,WFS15,beta090,r1,-8.9331
4,WFS15,beta090,r1,0.72627
5,WFS15,beta090,r1,-2.7707
6,WFS15,beta090,r1,-2.8433
7,WFS15,beta090,r1,-6.1737
8,WFS15,beta090,r1,-3.3242
9,WFS15,beta090,r1,-3.9413
10,WFS15,beta090,r1,-8.4051
1,WFS15,beta090,r1,-3.9176
2,WFS15,beta090,r1,-4.0784
3,WFS15,beta090,r1,-8.2565
4,WFS15,beta090,r1,0.72689
5,WFS15,beta090,r1,1.2982
6,WFS15,beta090,r1,-1.3793
7,WFS15,beta090,r1,-5.2047
8,WFS15,beta090,r1,0.96117
9,WFS15,beta090,r1,-1.5451
10,WFS15,beta090,r1,-6.5151
1,WFS15,beta090,r1,-1.1696
2,WFS15,beta090,r1,-3.725
3,WFS15,beta090,r1,-5.4695
4,WFS15,beta090,r1,2.264
5,WFS15,beta090,r1,1.7591
6,WFS15,beta090,r1,0.76388
7,WFS15,beta090,r1,-4.7035
8,WFS15,beta090,r1,3.8214
9,WFS15,beta090,r1,0.94251
10,WFS15,beta090,r1,-5.6071
1,WFS15,beta090,r1,-0.16684
2,WFS15,beta090,r1,-1.3322
3,WFS15,beta090,r1,-3.1474
4,WFS15,beta090,r1,5.3473
5,WFS15,beta090,r1,2.2674
6,WFS15,beta090,r1,2.8305
7,WFS15,beta090,r1,-2.3694
8,WFS15,beta090,r1,8.8272
9,WFS15,beta090,r1,9.7477
10,WFS15,beta090,r1,-0.93055
1,WFS15,beta090,r1,0.60526
2,WFS15,beta090,r1,-1.1436
3,WFS15,beta090,r1,-0.71535
4,WFS15,beta090,r1,7.4852
5,WFS15,beta090,r1,3.5781
6,WFS15,beta090,r1,7.2915
7,WFS15,beta090,r1,1.2031
8,WFS15,beta090,r1,13.8496
9,WFS15,beta090,r1,10.4235
10,WFS15,beta090,r1,-0.38094
1,WFS15,beta070,r2,-4.4994
2,WFS15,beta070,r2,-4.9371
3,WFS15,beta070,r2,-7.5165
4,WFS15,beta070,r2,-7.4838
5,WFS15,beta070,r2,-5.4804
6,WFS15,beta070,r2,-2.0722
7,WFS15,beta070,r2,-3.1827
8,WFS15,beta070,r2,-13.6519
9,WFS15,beta070,r2,-10.3934
10,WFS15,beta070,r2,-6.2657
1,WFS15,beta070,r2,0.35186
2,WFS15,beta070,r2,-3.883
3,WFS15,beta070,r2,-5.8738
4,WFS15,beta070,r2,-5.8768
5,WFS15,beta070,r2,-4.9375
6,WFS15,beta070,r2,-1.9038
7,WFS15,beta070,r2,-2.8235
8,WFS15,beta070,r2,-5.0643
9,WFS15,beta070,r2,-3.2384
10,WFS15,beta070,r2,-4.9814
1,WFS15,beta070,r2,0.99813
2,WFS15,beta070,r2,-2.987
3,WFS15,beta070,r2,-4.5884
4,WFS15,beta070,r2,-1.7507
5,WFS15,beta070,r2,-4.749
6,WFS15,beta070,r2,1.2862
7,WFS15,beta070,r2,-1.8969
8,WFS15,beta070,r2,-4.7517
9,WFS15,beta070,r2,-2.0345
10,WFS15,beta070,r2,-2.4097
1,WFS15,beta070,r2,1.7881
2,WFS15,beta070,r2,-2.2799
3,WFS15,beta070,r2,-4.1299
4,WFS15,beta070,r2,-0.99329
5,WFS15,beta070,r2,-1.4326
6,WFS15,beta070,r2,4.7556
7,WFS15,beta070,r2,-0.21328
8,WFS15,beta070,r2,-1.8896
9,WFS15,beta070,r2,-0.038524
10,WFS15,beta070,r2,0.50585
1,WFS15,beta070,r2,2.3712
2,WFS15,beta070,r2,-1.0143
3,WFS15,beta070,r2,-3.706
4,WFS15,beta070,r2,0.55063
5,WFS15,beta070,r2,0.75977
6,WFS15,beta070,r2,5.419
7,WFS15,beta070,r2,1.541
8,WFS15,beta070,r2,-1.0721
9,WFS15,beta070,r2,3.5418
10,WFS15,beta070,r2,1.1172
1,WFS15,beta080,r2,-5.9555
2,WFS15,beta080,r2,-8.117
3,WFS15,beta080,r2,-8.6619
4,WFS15,beta080,r2,-4.9356
5,WFS15,beta080,r2,-3.6796
6,WFS15,beta080,r2,-4.2743
7,WFS15,beta080,r2,-3.7022
8,WFS15,beta080,r2,-4.9103
9,WFS15,beta080,r2,-13.4864
10,WFS15,beta080,r2,-5.3508
1,WFS15,beta080,r2,-5.241
2,WFS15,beta080,r2,-0.92024
3,WFS15,beta080,r2,-7.577
4,WFS15,beta080,r2,-3.853
5,WFS15,beta080,r2,-2.619
6,WFS15,beta080,r2,-3.8592
7,WFS15,beta080,r2,-3.4883
8,WFS15,beta080,r2,-2.4755
9,WFS15,beta080,r2,-8.1248
10,WFS15,beta080,r2,-4.5242
1,WFS15,beta080,r2,-2.1427
2,WFS15,beta080,r2,0.88636
3,WFS15,beta080,r2,-5.1187
4,WFS15,beta080,r2,-1.3108
5,WFS15,beta080,r2,-1.3791
6,WFS15,beta080,r2,-1.365
7,WFS15,beta080,r2,-2.4997
8,WFS15,beta080,r2,-0.36942
9,WFS15,beta080,r2,-8.0967
10,WFS15,beta080,r2,-3.872
1,WFS15,beta080,r2,-0.53261
2,WFS15,beta080,r2,1.6434
3,WFS15,beta080,r2,-4.8241
4,WFS15,beta080,r2,0.49647
5,WFS15,beta080,r2,-0.55104
6,WFS15,beta080,r2,-0.42156
7,WFS15,beta080,r2,-0.037696
8,WFS15,beta080,r2,2.9862
9,WFS15,beta080,r2,-1.449
10,WFS15,beta080,r2,-1.3243
1,WFS15,beta080,r2,1.7177
2,WFS15,beta080,r2,5.8536
3,WFS15,beta080,r2,-3.0815
4,WFS15,beta080,r2,5.0755
5,WFS15,beta080,r2,3.782
6,WFS15,beta080,r2,3.5066
7,WFS15,beta080,r2,2.0954
8,WFS15,beta080,r2,4.8922
9,WFS15,beta080,r2,6.7117
10,WFS15,beta080,r2,0.32401
1,WFS15,beta090,r2,-7.4739
2,WFS15,beta090,r2,-4.1719
3,WFS15,beta090,r2,-17.2976
4,WFS15,beta090,r2,-13.5612
5,WFS15,beta090,r2,-4.1311
6,WFS15,beta090,r2,-6.7129
7,WFS15,beta090,r2,-7.5462
8,WFS15,beta090,r2,-11.4488
9,WFS15,beta090,r2,-3.7459
10,WFS15,beta090,r2,-12.6775
1,WFS15,beta090,r2,-4.9983
2,WFS15,beta090,r2,-2.2409
3,WFS15,beta090,r2,-12.6989
4,WFS15,beta090,r2,-5.9278
5,WFS15,beta090,r2,-2.8323
6,WFS15,beta090,r2,-0.59411
7,WFS15,beta090,r2,-7.0851
8,WFS15,beta090,r2,-6.0432
9,WFS15,beta090,r2,-0.096904
10,WFS15,beta090,r2,-7.6443
1,WFS15,beta090,r2,-4.694
2,WFS15,beta090,r2,2.9398
3,WFS15,beta090,r2,-10.0603
4,WFS15,beta090,r2,-0.56741
5,WFS15,beta090,r2,-1.2468
6,WFS15,beta090,r2,-0.016269
7,WFS15,beta090,r2,-3.2439
8,WFS15,beta090,r2,-2.5801
9,WFS15,beta090,r2,0.84995
10,WFS15,beta090,r2,-6.508
1,WFS15,beta090,r2,-0.56837
2,WFS15,beta090,r2,6.8383
3,WFS15,beta090,r2,-5.564
4,WFS15,beta090,r2,2.9952
5,WFS15,beta090,r2,1.4043
6,WFS15,beta090,r2,1.4031
7,WFS15,beta090,r2,-3.161
8,WFS15,beta090,r2,-1.438
9,WFS15,beta090,r2,5.1711
10,WFS15,beta090,r2,-3.3577
1,WFS15,beta090,r2,0.031902
2,WFS15,beta090,r2,12.0487
3,WFS15,beta090,r2,-4.1302
4,WFS15,beta090,r2,5.7405
5,WFS15,beta090,r2,3.1917
6,WFS15,beta090,r2,5.2022
7,WFS15,beta090,r2,-0.65127
8,WFS15,beta090,r2,4.9206
9,WFS15,beta090,r2,7.2612
10,WFS15,beta090,r2,-0.32148
1,WFS15,beta070,r3,-7.1637
2,WFS15,beta070,r3,-4.6099
3,WFS15,beta070,r3,-5.155
4,WFS15,beta070,r3,-3.57
5,WFS15,beta070,r3,-1.2015
6,WFS15,beta070,r3,-2.7142
7,WFS15,beta070,r3,-3.6657
8,WFS15,beta070,r3,-10.8766
9,WFS15,beta070,r3,-18.0563
10,WFS15,beta070,r3,-3.6042
1,WFS15,beta070,r3,-2.2767
2,WFS15,beta070,r3,0.4066
3,WFS15,beta070,r3,-5.1085
4,WFS15,beta070,r3,-0.83233
5,WFS15,beta070,r3,-0.24464
6,WFS15,beta070,r3,-1.1752
7,WFS15,beta070,r3,-0.65919
8,WFS15,beta070,r3,-3.3495
9,WFS15,beta070,r3,-1.3756
10,WFS15,beta070,r3,-3.2561
1,WFS15,beta070,r3,-2.1948
2,WFS15,beta070,r3,0.80824
3,WFS15,beta070,r3,-3.3645
4,WFS15,beta070,r3,0.60487
5,WFS15,beta070,r3,1.1523
6,WFS15,beta070,r3,-0.36106
7,WFS15,beta070,r3,-0.27706
8,WFS15,beta070,r3,-2.1692
9,WFS15,beta070,r3,3.777
10,WFS15,beta070,r3,-1.6657
1,WFS15,beta070,r3,1.5699
2,WFS15,beta070,r3,1.1561
3,WFS15,beta070,r3,-2.3196
4,WFS15,beta070,r3,1.974
5,WFS15,beta070,r3,1.8937
6,WFS15,beta070,r3,-0.11309
7,WFS15,beta070,r3,1.4178
8,WFS15,beta070,r3,-1.7312
9,WFS15,beta070,r3,8.6013
10,WFS15,beta070,r3,1.6004
1,WFS15,beta070,r3,2.9116
2,WFS15,beta070,r3,1.2126
3,WFS15,beta070,r3,-1.3489
4,WFS15,beta070,r3,2.9068
5,WFS15,beta070,r3,3.9784
6,WFS15,beta070,r3,5.0371
7,WFS15,beta070,r3,1.6014
8,WFS15,beta070,r3,0.45115
9,WFS15,beta070,r3,9.758
10,WFS15,beta070,r3,3.897
1,WFS15,beta080,r3,-3.3202
2,WFS15,beta080,r3,-3.7123
3,WFS15,beta080,r3,-5.0342
4,WFS15,beta080,r3,-6.3906
5,WFS15,beta080,r3,-3.1342
6,WFS15,beta080,r3,-5.9534
7,WFS15,beta080,r3,-6.7085
8,WFS15,beta080,r3,-14.6422
9,WFS15,beta080,r3,-2.1963
10,WFS15,beta080,r3,-8.2873
1,WFS15,beta080,r3,0.094764
2,WFS15,beta080,r3,1.016
3,WFS15,beta080,r3,-3.9893
4,WFS15,beta080,r3,-2.0538
5,WFS15,beta080,r3,-0.9383
6,WFS15,beta080,r3,-3.2783
7,WFS15,beta080,r3,-4.0309
8,WFS15,beta080,r3,-7.544
9,WFS15,beta080,r3,-2.0164
10,WFS15,beta080,r3,-5.2431
1,WFS15,beta080,r3,0.14739
2,WFS15,beta080,r3,2.1086
3,WFS15,beta080,r3,-3.6437
4,WFS15,beta080,r3,-1.1776
5,WFS15,beta080,r3,0.69026
6,WFS15,beta080,r3,0.52797
7,WFS15,beta080,r3,-3.8276
8,WFS15,beta080,r3,-1.383
9,WFS15,beta080,r3,1.5528
10,WFS15,beta080,r3,-4.3911
1,WFS15,beta080,r3,1.0963
2,WFS15,beta080,r3,3.2501
3,WFS15,beta080,r3,-2.3218
4,WFS15,beta080,r3,-0.3319
5,WFS15,beta080,r3,1.004
6,WFS15,beta080,r3,1.4137
7,WFS15,beta080,r3,-1.8627
8,WFS15,beta080,r3,0.20296
9,WFS15,beta080,r3,3.5804
10,WFS15,beta080,r3,-2.9551
1,WFS15,beta080,r3,3.9544
2,WFS15,beta080,r3,3.6778
3,WFS15,beta080,r3,-2.3023
4,WFS15,beta080,r3,3.637
5,WFS15,beta080,r3,2.2522
6,WFS15,beta080,r3,2.5961
7,WFS15,beta080,r3,-0.71694
8,WFS15,beta080,r3,5.974
9,WFS15,beta080,r3,11.5764
10,WFS15,beta080,r3,-1.9886
1,WFS15,beta090,r3,-2.3079
2,WFS15,beta090,r3,-6.1528
3,WFS15,beta090,r3,-5.598
4,WFS15,beta090,r3,-10.0151
5,WFS15,beta090,r3,-3.768
6,WFS15,beta090,r3,-3.3381
7,WFS15,beta090,r3,-5.9769
8,WFS15,beta090,r3,-13.8259
9,WFS15,beta090,r3,-9.6086
10,WFS15,beta090,r3,-5.892
1,WFS15,beta090,r3,-1.2506
2,WFS15,beta090,r3,-2.1746
3,WFS15,beta090,r3,-5.2933
4,WFS15,beta090,r3,-5.265
5,WFS15,beta090,r3,-1.0633
6,WFS15,beta090,r3,-2.8932
7,WFS15,beta090,r3,-4.5067
8,WFS15,beta090,r3,-9.4447
9,WFS15,beta090,r3,-4.7573
10,WFS15,beta090,r3,-5.8818
1,WFS15,beta090,r3,-0.9121
2,WFS15,beta090,r3,-1.4503
3,WFS15,beta090,r3,-5.2742
4,WFS15,beta090,r3,-4.9217
5,WFS15,beta090,r3,-0.52114
6,WFS15,beta090,r3,-1.1731
7,WFS15,beta090,r3,-1.7123
8,WFS15,beta090,r3,-9.3547
9,WFS15,beta090,r3,0.74078
10,WFS15,beta090,r3,-5.0533
1,WFS15,beta090,r3,0.29798
2,WFS15,beta090,r3,0.21912
3,WFS15,beta090,r3,-5.1718
4,WFS15,beta090,r3,-3.4916
5,WFS15,beta090,r3,0.75607
6,WFS15,beta090,r3,-1.1335
7,WFS15,beta090,r3,-1.1179
8,WFS15,beta090,r3,-2.9812
9,WFS15,beta090,r3,2.1943
10,WFS15,beta090,r3,-3.6198
1,WFS15,beta090,r3,2.2293
2,WFS15,beta090,r3,7.0666
3,WFS15,beta090,r3,0.25018
4,WFS15,beta090,r3,-3.4091
5,WFS15,beta090,r3,2.5459
6,WFS15,beta090,r3,3.6357
7,WFS15,beta090,r3,-0.80466
8,WFS15,beta090,r3,-2.0152
9,WFS15,beta090,r3,2.5053
10,WFS15,beta090,r3,-1.4186
